user_id,video_id,play_duration,video_duration,time,date,timestamp,watch_ratio
0,3649,13838,10867,2020-07-05 00:08:23.438,20200705,1593878903.438,1.2733965215790926
0,9598,13665,10984,2020-07-05 00:13:41.297,20200705,1593879221.297,1.2440823015294975
0,5262,851,7908,2020-07-05 00:16:06.687,20200705,1593879366.687,0.1076125442589782
0,1963,862,9590,2020-07-05 00:20:26.792,20200705,1593879626.792,0.0898852971845672
0,8234,858,11000,2020-07-05 00:43:05.128,20200705,1593880985.128,0.078
0,8228,13484,8576,2020-07-05 01:00:25.5,20200705,1593882025.5,1.572294776119403
0,6789,2327,13267,2020-07-05 03:28:02.32,20200705,1593890882.32,0.1753976030752996
0,6812,23731,10728,2020-07-05 22:22:11.813,20200705,1593958931.813,2.212061894108874
0,183,796,6100,2020-07-06 00:14:06.245,20200706,1593965646.245,0.1304918032786885
0,169,13735,9767,2020-07-06 00:14:48.8,20200706,1593965688.8,1.4062659977475171
0,1988,13287,7034,2020-07-06 00:15:03.506,20200706,1593965703.506,1.8889678703440431
0,5274,13002,6200,2020-07-06 01:03:27.933,20200706,1593968607.933,2.0970967741935485
0,179,13091,6067,2020-07-06 01:04:54.916,20200706,1593968694.916,2.1577385857919893
0,3647,813,11967,2020-07-06 01:06:21.88,20200706,1593968781.88,0.0679368262722486
0,8248,14210,11000,2020-07-06 01:06:36.499,20200706,1593968796.499,1.2918181818181818
0,206,818,9067,2020-07-06 01:07:48.597,20200706,1593968868.597,0.0902172714238447
0,6801,13422,6933,2020-07-06 01:08:02.473,20200706,1593968882.473,1.935958459541324
0,171,173601,5217,2020-07-06 01:11:24.795,20200706,1593969084.795,33.27602070155262
0,3672,13267,9200,2020-07-06 01:14:03.743,20200706,1593969243.743,1.4420652173913044
0,2000,879,12260,2020-07-06 01:14:48.155,20200706,1593969288.155,0.0716965742251223
0,5219,13807,9567,2020-07-06 01:20:48.754,20200706,1593969648.754,1.443190132747988
0,2007,13266,59634,2020-07-06 01:22:00.855,20200706,1593969720.855,0.2224569876245095
0,3657,838,10734,2020-07-06 01:24:26.108,20200706,1593969866.108,0.0780696851127259
0,211,13800,4949,2020-07-06 01:28:45.279,20200706,1593970125.279,2.788442109517074
0,5287,841,9651,2020-07-06 01:29:14.85,20200706,1593970154.85,0.0871412288881981
0,1913,835,12700,2020-07-06 01:29:29.688,20200706,1593970169.688,0.065748031496063
0,3684,860,10600,2020-07-06 01:54:26.894,20200706,1593971666.894,0.0811320754716981
0,9591,874,11312,2020-07-06 02:01:13.383,20200706,1593972073.383,0.0772630834512022
0,6829,861,7734,2020-07-06 03:01:18.678,20200706,1593975678.678,0.1113266097750193
0,1997,14558,11367,2020-07-06 03:06:14.376,20200706,1593975974.376,1.2807249054279932
0,1943,14812,6315,2020-07-06 03:07:16.42,20200706,1593976036.42,2.345526524148852
0,6731,14407,12500,2020-07-06 03:17:25.726,20200706,1593976645.726,1.15256
0,5205,780,6067,2020-07-06 03:54:53.779,20200706,1593978893.779,0.1285643645953519
0,5233,14407,10751,2020-07-06 03:57:45.068,20200706,1593979065.068,1.3400613896381732
0,6843,851,7700,2020-07-06 03:59:50.267,20200706,1593979190.267,0.1105194805194805
0,1986,14418,9467,2020-07-06 04:02:25.847,20200706,1593979345.847,1.5229745431498891
0,217,14311,5367,2020-07-06 04:05:33.042,20200706,1593979533.042,2.666480342835849
0,2008,814,6000,2020-07-06 04:08:41.264,20200706,1593979721.264,0.1356666666666666
0,5290,753,8167,2020-07-06 04:14:56.016,20200706,1593980096.016,0.0922003183543528
0,8261,845,7734,2020-07-06 04:20:39.184,20200706,1593980439.184,0.1092578226014998
0,8242,14543,6134,2020-07-06 04:22:59.18,20200706,1593980579.18,2.3708835996087383
0,8259,14502,6034,2020-07-06 04:30:47.427,20200706,1593981047.427,2.403380841895923
0,8220,14512,5734,2020-07-06 04:36:14.697,20200706,1593981374.697,2.530868503662365
0,1965,833,8336,2020-07-06 04:37:49.256,20200706,1593981469.256,0.0999280230326295
0,6775,725,11734,2020-07-06 04:40:10.043,20200706,1593981610.043,0.0617862621441963
0,8239,14797,7134,2020-07-06 04:40:55.535,20200706,1593981655.535,2.074151948416036
0,5293,14580,9700,2020-07-06 04:53:41.019,20200706,1593982421.019,1.5030927835051546
0,6811,14559,6791,2020-07-06 04:55:14.61,20200706,1593982514.61,2.1438668826387866
0,6803,820,6334,2020-07-06 04:59:56.316,20200706,1593982796.316,0.1294600568361225
0,9645,14814,8493,2020-07-06 05:18:38.198,20200706,1593983918.198,1.7442599788060755
0,3664,840,11796,2020-07-06 05:26:26.994,20200706,1593984386.994,0.0712105798575788
0,8260,14500,9150,2020-07-06 05:26:41.79,20200706,1593984401.79,1.5846994535519126
0,5292,767,9667,2020-07-06 05:35:33.264,20200706,1593984933.264,0.079342091652012
0,3578,827,11728,2020-07-06 05:50:23.186,20200706,1593985823.186,0.0705150068212824
0,9595,810,10067,2020-07-06 05:56:37.622,20200706,1593986197.622,0.0804609118903347
0,3594,796,10317,2020-07-06 06:19:15.186,20200706,1593987555.186,0.0771542114955898
0,2006,14324,11883,2020-07-06 06:19:29.916,20200706,1593987569.916,1.2054195068585374
0,9594,14407,7234,2020-07-06 06:27:17.978,20200706,1593988037.978,1.991567597456456
0,9617,839,12367,2020-07-06 06:43:26.293,20200706,1593989006.293,0.0678418371472467
0,2013,840,7240,2020-07-06 07:07:53.409,20200706,1593990473.409,0.1160220994475138
0,9624,781,6920,2020-07-06 07:11:16.542,20200706,1593990676.542,0.1128612716763005
0,110,14368,10200,2020-07-06 07:18:48.243,20200706,1593991128.243,1.4086274509803922
0,3518,787,13861,2020-07-06 07:41:26.815,20200706,1593992486.815,0.056778010244571
0,1915,13925,11967,2020-07-06 08:10:18.33,20200706,1593994218.33,1.1636166123506309
0,8264,14330,6500,2020-07-06 08:14:12.8,20200706,1593994452.8,2.2046153846153844
0,9613,891,8067,2020-07-06 08:15:31.738,20200706,1593994531.738,0.110449981405727
0,5277,748,11612,2020-07-06 08:25:40.114,20200706,1593995140.114,0.0644161212538753
0,9568,14328,5000,2020-07-06 08:29:33.467,20200706,1593995373.467,2.8656
0,1975,13932,9010,2020-07-06 08:37:37.335,20200706,1593995857.335,1.546281908990011
0,5265,14367,9000,2020-07-06 08:49:19.617,20200706,1593996559.617,1.5963333333333334
0,5273,13785,12300,2020-07-06 08:53:44.588,20200706,1593996824.588,1.1207317073170733
0,5315,841,10667,2020-07-06 08:56:06.422,20200706,1593996966.422,0.0788412862098059
0,5304,834,10244,2020-07-06 08:56:22.182,20200706,1593996982.182,0.0814135103475204
0,8183,737,7129,2020-07-06 09:06:30.865,20200706,1593997590.865,0.1033805582830691
0,3650,14296,8500,2020-07-06 09:09:52.768,20200706,1593997792.768,1.6818823529411764
0,228,29405,12300,2020-07-06 09:12:44.285,20200706,1593997964.285,2.390650406504065
0,3654,824,9500,2020-07-06 09:19:46.646,20200706,1593998386.646,0.0867368421052631
0,6839,898,45379,2020-07-06 09:23:56.36,20200706,1593998636.36,0.0197888891337402
0,6757,14332,11500,2020-07-06 09:25:44.596,20200706,1593998744.596,1.2462608695652173
0,8222,796,11534,2020-07-06 09:45:09.401,20200706,1593999909.401,0.069013351829374
0,6834,14202,12867,2020-07-06 10:00:29.185,20200706,1594000829.185,1.103753788761949
0,8256,746,8117,2020-07-06 10:02:03.595,20200706,1594000923.595,0.0919058765553776
0,133,14377,5848,2020-07-06 10:08:17.846,20200706,1594001297.846,2.4584473324213407
0,8283,12387,6967,2020-07-06 22:14:13.939,20200706,1594044853.939,1.7779532079804794
0,9667,850,10550,2020-07-06 22:14:28.912,20200706,1594044868.912,0.0805687203791469
0,254,14737,9934,2020-07-06 22:16:24.365,20200706,1594044984.365,1.4834910408697404
0,9659,848,16384,2020-07-06 22:18:34.606,20200706,1594045114.606,0.0517578125
0,6854,851,6000,2020-07-06 22:19:46.671,20200706,1594045186.671,0.1418333333333333
0,5331,13460,11434,2020-07-06 22:20:15.366,20200706,1594045215.366,1.177190834353682
0,9653,13838,10967,2020-07-06 22:20:57.892,20200706,1594045257.892,1.2617853560682046
0,6767,13324,10534,2020-07-06 22:23:08.248,20200706,1594045388.248,1.2648566546421112
0,5326,13849,11167,2020-07-06 22:23:36.914,20200706,1594045416.914,1.2401719351661145
0,3714,13238,9067,2020-07-06 22:23:51.637,20200706,1594045431.637,1.4600198522113157
0,2040,13276,10000,2020-07-06 22:28:55.393,20200706,1594045735.393,1.3276
0,3725,0,10688,2020-07-07 00:05:20.21,20200707,1594051520.21,0.0
0,256,13448,12075,2020-07-07 00:05:42.817,20200707,1594051542.817,1.113706004140787
0,233,13874,12267,2020-07-07 00:07:08.999,20200707,1594051628.999,1.1310018749490502
0,229,13545,7600,2020-07-07 00:07:38.738,20200707,1594051658.738,1.7822368421052632
0,237,13858,10380,2020-07-07 00:08:21.538,20200707,1594051701.538,1.335067437379576
0,2031,809,10267,2020-07-07 00:09:05.872,20200707,1594051745.872,0.0787961429823707
0,258,13858,11179,2020-07-07 00:09:33.648,20200707,1594051773.648,1.2396457643796404
0,262,12036,11080,2020-07-07 00:10:03.185,20200707,1594051803.185,1.086281588447653
0,5215,814,12179,2020-07-07 00:19:55.967,20200707,1594052395.967,0.0668363576648329
0,3619,789,10100,2020-07-07 00:21:36.685,20200707,1594052496.685,0.0781188118811881
0,8279,13362,10500,2020-07-07 00:21:50.436,20200707,1594052510.436,1.2725714285714285
0,3720,13341,5573,2020-07-07 00:22:33.894,20200707,1594052553.894,2.3938632693342905
0,8289,819,11834,2020-07-07 00:28:06.854,20200707,1594052886.854,0.0692073685989521
0,5278,0,52667,2020-07-07 00:30:16.917,20200707,1594053016.917,0.0
0,9660,13001,12469,2020-07-07 00:43:45.01,20200707,1594053825.01,1.0426658112118052
0,3703,790,8367,2020-07-07 00:43:45.992,20200707,1594053825.992,0.0944185490617903
0,6846,811,5760,2020-07-07 00:47:36.823,20200707,1594054056.823,0.1407986111111111
0,180,13793,11000,2020-07-07 00:54:20.421,20200707,1594054460.421,1.2539090909090909
0,2044,13331,10800,2020-07-07 00:54:35.148,20200707,1594054475.148,1.234351851851852
0,9630,28254,9500,2020-07-07 01:00:22.223,20200707,1594054822.223,2.974105263157895
0,8291,13821,6817,2020-07-07 01:02:02.887,20200707,1594054922.887,2.027431421446384
0,6778,855,5206,2020-07-07 01:08:05.192,20200707,1594055285.192,0.1642335766423357
0,2010,13537,7334,2020-07-07 01:09:30.945,20200707,1594055370.945,1.845786746659395
0,2029,821,10784,2020-07-07 01:34:34.383,20200707,1594056874.383,0.0761313056379821
0,5353,13795,11634,2020-07-07 01:43:56.75,20200707,1594057436.75,1.185748667698126
0,2057,13818,6067,2020-07-07 01:44:40.229,20200707,1594057480.229,2.277567166639196
0,8201,13803,9243,2020-07-07 01:51:39.372,20200707,1594057899.372,1.4933463161311262
0,170,14627,10644,2020-07-07 02:44:23.832,20200707,1594061063.832,1.3742014280345736
0,5222,14337,8200,2020-07-07 02:51:10.07,20200707,1594061470.07,1.7484146341463416
0,8119,844,10403,2020-07-07 02:58:59.044,20200707,1594061939.044,0.0811304431414015
0,8251,754,7762,2020-07-07 03:26:33.133,20200707,1594063593.133,0.0971399123937129
0,3519,776,10688,2020-07-07 03:27:50.889,20200707,1594063670.889,0.0726047904191616
0,6738,10028,7034,2020-07-07 03:48:54.582,20200707,1594064934.582,1.425646858117714
0,8262,13595,13550,2020-07-07 04:03:28.292,20200707,1594065808.292,1.0033210332103322
0,267,14483,6500,2020-07-07 04:12:34.645,20200707,1594066354.645,2.2281538461538464
0,272,13971,7849,2020-07-07 04:15:57.128,20200707,1594066557.128,1.7799719709517137
0,6861,13952,11146,2020-07-07 04:24:47.588,20200707,1594067087.588,1.2517495065494348
0,8215,832,6967,2020-07-07 04:27:24.8,20200707,1594067244.8,0.1194201234390699
0,209,14381,8767,2020-07-07 04:35:12.452,20200707,1594067712.452,1.6403558800045626
0,5352,874,11484,2020-07-07 08:32:56.244,20200707,1594081976.244,0.076105886450714
0,2047,772,8667,2020-07-07 08:35:00.964,20200707,1594082100.964,0.0890734971731856
0,9678,13495,13881,2020-07-07 08:38:38.284,20200707,1594082318.284,0.972192205172538
0,2001,14164,24667,2020-07-07 08:39:41.148,20200707,1594082381.148,0.5742084566424778
0,8302,14467,7267,2020-07-07 08:40:12.549,20200707,1594082412.549,1.9907802394385576
0,9652,14228,8081,2020-07-07 08:40:58.769,20200707,1594082458.769,1.7606731840118797
0,5332,799,11680,2020-07-07 09:02:42.067,20200707,1594083762.067,0.0684075342465753
0,8285,848,10167,2020-07-07 09:51:21.226,20200707,1594086681.226,0.0834071014065112
0,6860,10704,10700,2020-07-07 09:57:49.979,20200707,1594087069.979,1.000373831775701
0,3699,4237,10934,2020-07-07 10:02:15.112,20200707,1594087335.112,0.3875068593378452
0,6865,796,10680,2020-07-07 10:03:02.197,20200707,1594087382.197,0.0745318352059925
0,6874,919,7334,2020-07-07 10:04:21.092,20200707,1594087461.092,0.1253067902917916
0,6746,813,8534,2020-07-07 10:20:44.182,20200707,1594088444.182,0.0952659948441528
0,9664,13130,10900,2020-07-07 10:31:23.106,20200707,1594089083.106,1.2045871559633028
0,9670,12667,13491,2020-07-07 10:33:12.424,20200707,1594089192.424,0.9389222444592692
0,6868,14437,7967,2020-07-07 11:06:14.774,20200707,1594091174.774,1.812099912137568
0,147,1106,14443,2020-07-07 11:08:44.239,20200707,1594091324.239,0.0765768884580765
0,152,13803,5934,2020-07-07 18:22:23.482,20200707,1594117343.482,2.3260869565217392
0,3694,13707,8200,2020-07-07 18:41:40.079,20200707,1594118500.079,1.6715853658536586
0,9683,789,10934,2020-07-07 18:45:02.612,20200707,1594118702.612,0.0721602341320651
0,2091,1250,9216,2020-07-08 00:07:38.983,20200708,1594138058.983,0.1356336805555555
0,3734,815,6600,2020-07-08 00:08:41.629,20200708,1594138121.629,0.1234848484848484
0,3739,813,11984,2020-07-08 00:09:27.922,20200708,1594138167.922,0.0678404539385847
0,265,14714,7067,2020-07-08 00:09:58.493,20200708,1594138198.493,2.082071600396208
0,2075,831,10900,2020-07-08 00:10:30.957,20200708,1594138230.957,0.0762385321100917
0,3737,810,9685,2020-07-08 00:13:37.957,20200708,1594138417.957,0.08363448631905
0,2093,809,8534,2020-07-08 00:13:53.771,20200708,1594138433.771,0.0947972814623857
0,5367,823,10417,2020-07-08 00:15:27.294,20200708,1594138527.294,0.0790054718249016
0,300,836,7253,2020-07-08 00:15:58.736,20200708,1594138558.736,0.1152626499379567
0,5339,801,9900,2020-07-08 00:33:23.358,20200708,1594139603.358,0.0809090909090909
0,2098,14560,9867,2020-07-08 00:34:09.724,20200708,1594139649.724,1.4756258234519104
0,289,14581,5534,2020-07-08 00:37:48.122,20200708,1594139868.122,2.634803035778822
0,8342,14586,10667,2020-07-08 00:38:50.841,20200708,1594139930.841,1.3673947689134716
0,8324,14020,11700,2020-07-08 00:41:57.9,20200708,1594140117.9,1.1982905982905985
0,3698,869,7992,2020-07-08 00:42:14.695,20200708,1594140134.695,0.1087337337337337
0,3722,732,6067,2020-07-08 00:57:16.402,20200708,1594141036.402,0.1206527113894841
0,5330,721,8400,2020-07-08 00:57:30.943,20200708,1594141050.943,0.0858333333333333
0,288,761,8900,2020-07-08 02:32:38.121,20200708,1594146758.121,0.085505617977528
0,307,762,11284,2020-07-08 02:35:17.054,20200708,1594146917.054,0.0675292449485997
0,2021,13620,8534,2020-07-08 02:36:28.941,20200708,1594146988.941,1.5959690649168037
0,3723,13606,4600,2020-07-08 02:39:50.923,20200708,1594147190.923,2.957826086956522
0,280,13558,11667,2020-07-08 02:42:59.064,20200708,1594147379.064,1.1620810833976172
0,5383,13683,57300,2020-07-08 02:43:13.007,20200708,1594147393.007,0.2387958115183246
0,6833,13544,8174,2020-07-08 02:44:54.428,20200708,1594147494.428,1.6569610961585517
0,1889,13596,6757,2020-07-08 02:46:35.83,20200708,1594147595.83,2.0121355631197275
0,8298,13549,3270,2020-07-08 02:50:12.529,20200708,1594147812.529,4.1434250764526
0,255,13365,11650,2020-07-08 02:52:51.292,20200708,1594147971.292,1.1472103004291845
0,2065,14489,6067,2020-07-08 03:00:04.76,20200708,1594148404.76,2.3881654854128893
0,8311,771,6016,2020-07-08 03:10:29.422,20200708,1594149029.422,0.128158244680851
0,6904,14533,9050,2020-07-08 03:13:20.364,20200708,1594149200.364,1.6058563535911603
0,2074,14588,26834,2020-07-08 03:15:25.262,20200708,1594149325.262,0.5436386673623016
0,3696,746,11479,2020-07-08 03:17:31.178,20200708,1594149451.178,0.0649882393936754
0,8340,14562,6000,2020-07-08 03:23:29.208,20200708,1594149809.208,2.427
0,5366,14561,10411,2020-07-08 03:29:58.823,20200708,1594150198.823,1.398616847565075
0,3747,14674,8800,2020-07-08 03:33:37.029,20200708,1594150417.029,1.6675
0,8316,14496,7008,2020-07-08 03:38:49.803,20200708,1594150729.803,2.068493150684932
0,2082,788,14081,2020-07-08 03:54:58.558,20200708,1594151698.558,0.0559619345216959
0,6879,14548,5050,2020-07-08 04:03:47.87,20200708,1594152227.87,2.8807920792079207
0,2084,683,6634,2020-07-08 04:03:48.712,20200708,1594152228.712,0.1029544769369912
0,8326,14133,5300,2020-07-08 04:06:08.452,20200708,1594152368.452,2.6666037735849057
0,1967,14465,9267,2020-07-08 04:17:50.599,20200708,1594153070.599,1.5609150749973022
0,9563,14521,11534,2020-07-08 04:53:59.342,20200708,1594155239.342,1.2589734697416337
0,2111,646,3900,2020-07-08 05:00:30.173,20200708,1594155630.173,0.1656410256410256
0,5189,14416,5967,2020-07-08 05:02:49.849,20200708,1594155769.849,2.415954415954416
0,139,707,9750,2020-07-08 05:35:52.357,20200708,1594157752.357,0.0725128205128205
0,8290,14444,12000,2020-07-08 05:40:01.015,20200708,1594158001.015,1.2036666666666669
0,275,778,15059,2020-07-08 05:48:21.289,20200708,1594158501.289,0.0516634570688624
0,2107,699,11078,2020-07-08 05:48:36.969,20200708,1594158516.969,0.0630980321357645
0,3730,14387,9867,2020-07-08 05:59:00.256,20200708,1594159140.256,1.4580926320056755
0,6711,14121,8534,2020-07-08 06:11:44.701,20200708,1594159904.701,1.6546754159831265
0,9562,14695,13134,2020-07-08 06:13:18.081,20200708,1594159998.081,1.118851834932237
0,9697,743,12960,2020-07-08 06:14:21.852,20200708,1594160061.852,0.0573302469135802
0,284,698,8009,2020-07-08 06:30:13.561,20200708,1594161013.561,0.0871519540516918
0,3706,14031,16512,2020-07-08 06:32:49.101,20200708,1594161169.101,0.8497456395348837
0,5363,719,7434,2020-07-08 06:50:15.449,20200708,1594162215.449,0.0967177831584611
0,5391,14582,10667,2020-07-08 06:53:53.016,20200708,1594162433.016,1.3670197806318554
0,6862,14383,9600,2020-07-08 07:04:17.465,20200708,1594163057.465,1.4982291666666667
0,5374,666,8467,2020-07-08 07:07:09.597,20200708,1594163229.597,0.0786583205385614
0,314,13926,3067,2020-07-08 07:19:22.103,20200708,1594163962.103,4.540593413759374
0,5360,646,5967,2020-07-08 07:26:08.582,20200708,1594164368.582,0.1082621082621082
0,3558,778,5834,2020-07-08 07:51:37.881,20200708,1594165897.881,0.133356187864244
0,1907,14010,7918,2020-07-08 07:55:46.897,20200708,1594166146.897,1.769386208638545
0,3607,13505,15282,2020-07-08 08:03:03.665,20200708,1594166583.665,0.8837194084543908
0,3726,746,11667,2020-07-08 08:14:31.218,20200708,1594167271.218,0.0639410302562784
0,3622,13776,7634,2020-07-08 08:16:19.567,20200708,1594167379.567,1.8045585538380928
0,5344,14664,9610,2020-07-08 08:37:54.449,20200708,1594168674.449,1.525910509885536
0,8336,14009,8867,2020-07-08 08:40:15.297,20200708,1594168815.297,1.579903011164994
0,8244,4537,8200,2020-07-08 08:57:15.613,20200708,1594169835.613,0.5532926829268293
0,2023,12789,10934,2020-07-08 09:00:32.437,20200708,1594170032.437,1.1696542893725992
0,5394,14258,6016,2020-07-08 09:02:53.077,20200708,1594170173.077,2.3700132978723403
0,8339,14486,5000,2020-07-08 09:04:10.93,20200708,1594170250.93,2.8972
0,3770,739,8934,2020-07-08 09:07:34.866,20200708,1594170454.866,0.0827177076337586
0,6882,710,6200,2020-07-08 09:09:08.131,20200708,1594170548.131,0.114516129032258
0,3766,721,3767,2020-07-08 09:39:02.582,20200708,1594172342.582,0.1913989912397133
0,9496,739,8243,2020-07-08 10:03:29.639,20200708,1594173809.639,0.0896518257915807
0,1991,6063,8592,2020-07-08 10:19:37.349,20200708,1594174777.349,0.7056564245810056
0,339,13711,11179,2020-07-09 00:08:03.164,20200709,1594224483.164,1.2264961087753825
0,9704,13761,16584,2020-07-09 00:09:15.359,20200709,1594224555.359,0.8297756874095513
0,8359,13827,10567,2020-07-09 00:10:27.41,20200709,1594224627.41,1.3085076180562127
0,3778,800,7104,2020-07-09 00:10:28.377,20200709,1594224628.377,0.1126126126126126
0,5401,681,11045,2020-07-09 00:19:23.294,20200709,1594225163.294,0.0616568583069262
0,3772,28150,8213,2020-07-09 00:25:52.466,20200709,1594225552.466,3.427492998904176
0,2133,13684,9734,2020-07-09 00:52:06.867,20200709,1594227126.867,1.405794123690158
0,5416,811,8555,2020-07-09 01:32:49.983,20200709,1594229569.983,0.0947983635300993
0,188,13567,10067,2020-07-09 02:26:31.362,20200709,1594232791.362,1.3476706069335451
0,2125,13764,7234,2020-07-09 02:33:44.385,20200709,1594233224.385,1.9026817804810616
0,5252,787,6334,2020-07-09 03:05:33.147,20200709,1594235133.147,0.124250078939059
0,2123,13726,3354,2020-07-09 03:12:59.861,20200709,1594235579.861,4.092426952892069
0,9688,13620,11534,2020-07-09 03:14:26.564,20200709,1594235666.564,1.1808565978845154
0,324,757,8400,2020-07-09 03:16:09.113,20200709,1594235769.113,0.0901190476190476
0,3653,13665,7100,2020-07-09 03:18:03.566,20200709,1594235883.566,1.924647887323944
0,3780,730,10634,2020-07-09 03:28:11.331,20200709,1594236491.331,0.0686477336844085
0,6873,13759,9300,2020-07-09 03:48:38.635,20200709,1594237718.635,1.479462365591398
0,2137,13599,5367,2020-07-09 03:52:59.055,20200709,1594237979.055,2.53381777529346
0,9696,13558,7700,2020-07-09 04:07:40.324,20200709,1594238860.324,1.7607792207792208
0,8158,686,10797,2020-07-09 04:15:09.055,20200709,1594239309.055,0.0635361674539223
0,2088,2295,14134,2020-07-09 04:21:53.36,20200709,1594239713.36,0.1623744163011178
0,8319,776,7200,2020-07-09 04:30:19.216,20200709,1594240219.216,0.1077777777777777
0,6935,28193,10234,2020-07-09 04:34:10.068,20200709,1594240450.068,2.7548368184483096
0,3709,720,6873,2020-07-09 04:49:20.952,20200709,1594241360.952,0.1047577477084242
0,5421,13746,6934,2020-07-09 04:51:29.976,20200709,1594241489.976,1.9824055379290453
0,207,691,6100,2020-07-09 05:21:08.787,20200709,1594243268.787,0.1132786885245901
0,8309,672,7967,2020-07-09 05:36:33.532,20200709,1594244193.532,0.0843479352328354
0,8354,13522,8567,2020-07-09 05:38:42.706,20200709,1594244322.706,1.5783821641181277
0,2108,13684,9234,2020-07-09 05:39:54.788,20200709,1594244394.788,1.481914663201213
0,6930,13124,11667,2020-07-09 05:42:05.095,20200709,1594244525.095,1.1248821462243936
0,8295,13369,6717,2020-07-09 05:52:11.89,20200709,1594245131.89,1.9903230608902784
0,5291,13654,6711,2020-07-09 07:11:40.18,20200709,1594249900.18,2.0345701087766352
0,2052,13720,7534,2020-07-09 07:18:24.941,20200709,1594250304.941,1.8210777807273693
0,9716,13810,9467,2020-07-09 08:03:55.254,20200709,1594253035.254,1.4587514524136471
0,5387,896,10517,2020-07-09 08:09:00.124,20200709,1594253340.124,0.0851953979271655
0,2077,13584,8040,2020-07-09 08:17:39.466,20200709,1594253859.466,1.68955223880597
0,6917,28395,11779,2020-07-09 08:24:52.779,20200709,1594254292.779,2.410646065030988
0,8372,13272,9867,2020-07-09 08:45:06.41,20200709,1594255506.41,1.3450896929157798
0,5420,13534,57567,2020-07-09 08:46:18.419,20200709,1594255578.419,0.2350999704691924
0,3755,757,9500,2020-07-09 09:04:22.836,20200709,1594256662.836,0.0796842105263157
0,9520,729,13952,2020-07-09 09:24:50.925,20200709,1594257890.925,0.0522505733944954
0,296,741,12867,2020-07-09 09:25:34.194,20200709,1594257934.194,0.0575891816274189
0,3590,798,7074,2020-07-09 09:51:19.927,20200709,1594259479.927,0.1128074639525021
0,9567,758,9404,2020-07-09 09:57:35.609,20200709,1594259855.609,0.0806039982985963
0,9571,13754,8567,2020-07-09 10:03:50.319,20200709,1594260230.319,1.60546282245827
0,6716,0,7574,2020-07-09 10:08:11.819,20200709,1594260491.819,0.0
0,80,13781,11600,2020-07-09 10:13:42.767,20200709,1594260822.767,1.1880172413793104
0,5166,788,10167,2020-07-09 10:14:12.313,20200709,1594260852.313,0.0775056555522769
0,1912,12235,10048,2020-07-09 10:15:09.705,20200709,1594260909.705,1.21765525477707
0,6753,13548,11167,2020-07-09 10:23:21.016,20200709,1594261401.016,1.213217515895048
0,279,0,12501,2020-07-09 10:25:48.395,20200709,1594261548.395,0.0
0,6950,10531,11512,2020-07-09 10:26:00.174,20200709,1594261560.174,0.9147845726198748
0,1844,1092,10000,2020-07-09 10:27:16.533,20200709,1594261636.533,0.1092
0,297,14345,6804,2020-07-10 00:29:31.69,20200710,1594312171.69,2.108318636096414
0,2121,13349,11534,2020-07-10 00:44:12.478,20200710,1594313052.478,1.1573608461938616
0,6948,881,8267,2020-07-10 00:46:37.832,20200710,1594313197.832,0.1065682835369541
0,130,797,10017,2020-07-10 01:00:20.885,20200710,1594314020.885,0.0795647399420984
0,9569,587,9100,2020-07-10 01:02:16.338,20200710,1594314136.338,0.0645054945054945
0,3767,763,9938,2020-07-10 07:57:26.155,20200710,1594339046.155,0.0767760112698732
0,3827,9478,6084,2020-07-10 08:57:05.879,20200710,1594342625.879,1.5578566732412886
0,9509,13747,9100,2020-07-10 09:00:03.963,20200710,1594342803.963,1.5106593406593407
0,6981,14354,6334,2020-07-10 09:27:24.356,20200710,1594344444.356,2.2661825071045154
0,9530,827,10960,2020-07-10 09:27:55.959,20200710,1594344475.959,0.075456204379562
0,67,14535,5267,2020-07-10 09:28:58.017,20200710,1594344538.017,2.75963546610974
0,372,13802,7521,2020-07-10 12:56:03.206,20200710,1594356963.206,1.83512830740593
0,402,849,12587,2020-07-10 12:58:57.911,20200710,1594357137.911,0.0674505442122825
0,416,13192,7350,2020-07-10 13:03:45.438,20200710,1594357425.438,1.7948299319727892
0,373,802,9067,2020-07-10 13:05:13.305,20200710,1594357513.305,0.0884526304179993
0,6968,13433,7634,2020-07-10 13:15:33.74,20200710,1594358133.74,1.7596279800890753
0,5448,13553,10984,2020-07-10 13:15:48.583,20200710,1594358148.583,1.233885651857247
0,8167,13111,10167,2020-07-10 13:24:13.912,20200710,1594358653.912,1.2895642765810955
0,5422,13795,6167,2020-07-10 13:25:11.294,20200710,1594358711.294,2.236906113183071
0,151,12866,7967,2020-07-10 13:26:09.513,20200710,1594358769.513,1.614911509978662
0,5412,13553,7734,2020-07-10 13:41:19.927,20200710,1594359679.927,1.752392035169382
0,6946,13344,10778,2020-07-10 13:43:15.565,20200710,1594359795.565,1.2380775654110223
0,166,810,5600,2020-07-10 13:48:33.435,20200710,1594360113.435,0.1446428571428571
0,203,787,10534,2020-07-10 13:55:18.279,20200710,1594360518.279,0.0747104613632048
0,8189,13366,10800,2020-07-10 14:09:15.446,20200710,1594361355.446,1.2375925925925926
0,5206,13808,11179,2020-07-10 14:10:56.262,20200710,1594361456.262,1.235173092405403
0,3610,792,6434,2020-07-10 14:14:19.639,20200710,1594361659.639,0.1230960522225676
0,5442,12941,10617,2020-07-10 14:15:02.175,20200710,1594361702.175,1.2188942262409344
0,5288,13311,14900,2020-07-10 14:15:16.883,20200710,1594361716.883,0.8933557046979865
0,6739,775,10134,2020-07-10 14:15:31.647,20200710,1594361731.647,0.0764752318926386
0,42,11839,10773,2020-07-10 14:17:12.451,20200710,1594361832.451,1.098951081407222
0,3533,727,7275,2020-07-10 14:28:02.892,20200710,1594362482.892,0.0999312714776632
0,286,791,39573,2020-07-10 14:33:20.831,20200710,1594362800.831,0.0199883759128698
0,3738,13610,7334,2020-07-10 14:34:03.214,20200710,1594362843.214,1.855740387237524
0,3821,13696,8000,2020-07-10 14:34:46.727,20200710,1594362886.727,1.712
0,6996,12911,8067,2020-07-10 14:42:14.945,20200710,1594363334.945,1.6004710549150862
0,128,13375,10434,2020-07-10 14:46:05.987,20200710,1594363565.987,1.281866973356335
0,9554,13325,6560,2020-07-10 14:47:32.812,20200710,1594363652.812,2.03125
0,302,1126,23424,2020-07-10 14:48:03.032,20200710,1594363683.032,0.0480703551912568
0,1847,13502,5200,2020-07-10 14:48:48.181,20200710,1594363728.181,2.596538461538461
0,3797,654,12600,2020-07-10 14:49:14.782,20200710,1594363754.782,0.0519047619047619
0,418,13340,11413,2020-07-10 14:52:50.866,20200710,1594363970.866,1.1688425479716114
0,8413,822,9234,2020-07-10 15:19:49.576,20200710,1594365589.576,0.0890188434048083
0,6945,12781,12139,2020-07-10 15:25:37.91,20200710,1594365937.91,1.0528873877584644
0,6899,12654,5921,2020-07-10 15:37:38.024,20200710,1594366658.024,2.1371389967910828
0,3790,810,10244,2020-07-10 15:42:41.914,20200710,1594366961.914,0.079070675517376
0,1871,0,5667,2020-07-10 15:44:38.534,20200710,1594367078.534,0.0
0,8171,796,8576,2020-07-10 16:07:44.61,20200710,1594368464.61,0.0928171641791044
0,6977,13482,6967,2020-07-11 06:10:21.445,20200711,1594419021.445,1.93512272140089
0,5225,13386,10134,2020-07-11 06:17:05.834,20200711,1594419425.834,1.3208999407933688
0,1853,782,11067,2020-07-11 06:23:07.787,20200711,1594419787.787,0.0706605222734255
0,430,13400,10367,2020-07-11 06:29:37.445,20200711,1594420177.445,1.2925629400983891
0,8428,13433,9920,2020-07-11 06:39:15.347,20200711,1594420755.347,1.3541330645161291
0,9758,13407,5952,2020-07-11 06:44:47.604,20200711,1594421087.604,2.2525201612903225
0,2173,13759,43240,2020-07-11 06:47:41.076,20200711,1594421261.076,0.3182007400555041
0,1974,13484,11400,2020-07-11 06:48:53.114,20200711,1594421333.114,1.1828070175438596
0,7014,14617,10267,2020-07-11 06:49:07.848,20200711,1594421347.848,1.4236875426122528
0,425,13793,8884,2020-07-11 07:00:55.065,20200711,1594422055.065,1.5525664115263396
0,423,13743,12736,2020-07-11 07:02:07.969,20200711,1594422127.969,1.0790672110552764
0,6956,13226,5968,2020-07-11 07:04:46.749,20200711,1594422286.749,2.216152815013405
0,6724,13635,30834,2020-07-11 07:22:50.179,20200711,1594423370.179,0.4422066549912434
0,9790,16034,9963,2020-07-12 09:35:51.651,20200712,1594517751.651,1.6093546120646391
0,8474,857,13800,2020-07-12 09:40:55.324,20200712,1594518055.324,0.0621014492753623
0,5471,13520,11167,2020-07-12 10:08:36.202,20200712,1594519716.202,1.210710128055879
0,7015,13707,12113,2020-07-12 10:09:04.797,20200712,1594519744.797,1.1315941550400397
0,7018,13434,8767,2020-07-12 10:19:12.159,20200712,1594520352.159,1.532337173491502
0,3852,13510,10184,2020-07-12 10:35:48.94,20200712,1594521348.94,1.3265907305577376
0,8431,13505,6741,2020-07-12 13:01:30.918,20200712,1594530090.918,2.0034119566829847
0,3867,13840,6567,2020-07-12 13:05:50.726,20200712,1594530350.726,2.1075072331353737
0,9792,13804,9079,2020-07-12 13:11:08.51,20200712,1594530668.51,1.520431765612953
0,3872,820,7851,2020-07-12 13:11:09.49,20200712,1594530669.49,0.1044452935931728
0,3840,767,7084,2020-07-12 13:11:52.99,20200712,1594530712.99,0.1082721626199887
0,9794,647,5917,2020-07-12 13:12:36.328,20200712,1594530756.328,0.1093459523407132
0,7013,759,9200,2020-07-12 13:17:54.042,20200712,1594531074.042,0.0825
0,8446,966,11134,2020-07-12 13:21:59.872,20200712,1594531319.872,0.0867612717801329
0,349,12753,12834,2020-07-12 13:22:57.172,20200712,1594531377.172,0.993688639551192
0,8414,768,7918,2020-07-12 13:28:44.19,20200712,1594531724.19,0.0969941904521343
0,3888,824,8309,2020-07-12 13:40:32.67,20200712,1594532432.67,0.0991695751594656
0,3818,13687,37969,2020-07-12 13:43:39.043,20200712,1594532619.043,0.3604782849166425
0,9745,811,7141,2020-07-12 13:49:27.196,20200712,1594532967.196,0.1135695280773001
0,2212,13795,8576,2020-07-12 13:49:54.923,20200712,1594532994.923,1.6085587686567164
0,9744,8569,49684,2020-07-12 13:52:48.576,20200712,1594533168.576,0.172470010466146
0,8403,13291,11534,2020-07-12 13:57:08.88,20200712,1594533428.88,1.152332235130917
0,7031,744,9250,2020-07-12 14:02:56.232,20200712,1594533776.232,0.0804324324324324
0,8356,889,6817,2020-07-12 14:25:19.951,20200712,1594535119.951,0.1304092709402963
0,5515,28290,7967,2020-07-12 14:30:22.85,20200712,1594535422.85,3.5508974519894565
0,481,0,8313,2020-07-12 14:31:26.144,20200712,1594535486.144,0.0
0,7330,13376,10600,2020-08-01 00:05:31.871,20200801,1596211531.871,1.26188679245283
0,2613,12941,9717,2020-08-01 00:12:45.3,20200801,1596211965.3,1.3317896470103945
0,9991,13244,8986,2020-08-01 00:15:39.009,20200801,1596212139.009,1.4738482083240596
0,463,13047,10900,2020-08-01 00:16:50.653,20200801,1596212210.653,1.1969724770642205
0,4189,636,8400,2020-08-01 00:24:33.88,20200801,1596212673.88,0.0757142857142857
0,5782,13797,6549,2020-08-01 00:30:05.187,20200801,1596213005.187,2.106733852496564
0,668,804,22570,2020-08-01 00:30:20.504,20200801,1596213020.504,0.0356225077536552
0,4247,13432,9800,2020-08-01 00:32:15.565,20200801,1596213135.565,1.3706122448979592
0,865,13469,10734,2020-08-01 00:32:44.168,20200801,1596213164.168,1.2547978386435623
0,5736,12973,6200,2020-08-01 00:33:27.486,20200801,1596213207.486,2.0924193548387096
0,2538,13295,9534,2020-08-01 00:34:25.399,20200801,1596213265.399,1.394482903293476
0,5811,13483,5717,2020-08-01 00:35:37.96,20200801,1596213337.96,2.358404757740073
0,7272,13336,8811,2020-08-01 00:37:33.08,20200801,1596213453.08,1.5135625922142777
0,4193,13075,17195,2020-08-01 00:38:02.601,20200801,1596213482.601,0.7603954637976156
0,7338,13771,9567,2020-08-01 00:44:17.757,20200801,1596213857.757,1.4394271976586182
0,4230,770,10867,2020-08-01 00:47:40.988,20200801,1596214060.988,0.070856722186436
0,2606,13159,9850,2020-08-01 00:50:19.198,20200801,1596214219.198,1.3359390862944165
0,2623,13137,12400,2020-08-01 00:52:28.803,20200801,1596214348.803,1.0594354838709676
0,5818,734,9700,2020-08-01 00:53:55.987,20200801,1596214435.987,0.0756701030927835
0,5257,0,13100,2020-08-01 00:54:56.005,20200801,1596214496.005,0.0
0,725,572,7200,2020-08-01 01:02:36.357,20200801,1596214956.357,0.0794444444444444
0,8707,13744,10923,2020-08-01 01:05:43.0,20200801,1596215143.0,1.2582623821294516
0,10019,789,8080,2020-08-01 01:13:26.432,20200801,1596215606.432,0.0976485148514851
0,7335,13180,10767,2020-08-01 01:13:40.075,20200801,1596215620.075,1.224110708646791
0,5765,13262,8334,2020-08-01 01:24:59.32,20200801,1596216299.32,1.5913126949844012
0,4250,13522,11350,2020-08-01 01:29:04.866,20200801,1596216544.866,1.19136563876652
0,4227,953,8434,2020-08-01 01:34:38.131,20200801,1596216878.131,0.1129950201565093
0,519,13637,5601,2020-08-01 01:39:11.042,20200801,1596217151.042,2.4347437957507587
0,4226,589,19667,2020-08-01 01:52:26.365,20200801,1596217946.365,0.0299486449382213
0,850,13767,24242,2020-08-01 02:00:07.977,20200801,1596218407.977,0.5678986882270439
0,5758,814,25124,2020-08-01 02:03:45.062,20200801,1596218625.062,0.0323992994746059
0,7280,13818,17322,2020-08-01 02:05:25.413,20200801,1596218725.413,0.7977138898510565
0,847,13217,7800,2020-08-01 02:08:19.177,20200801,1596218899.177,1.6944871794871794
0,8137,642,29568,2020-08-01 02:13:37.502,20200801,1596219217.502,0.0217126623376623
0,7337,13382,6000,2020-08-01 02:14:49.217,20200801,1596219289.217,2.2303333333333333
0,8742,13718,8134,2020-08-01 02:15:17.813,20200801,1596219317.813,1.686501106466683
0,591,710,6720,2020-08-01 02:16:59.877,20200801,1596219419.877,0.1056547619047619
0,4005,843,7334,2020-08-01 02:22:18.373,20200801,1596219738.373,0.1149440959912735
0,2575,819,25217,2020-08-01 02:22:46.517,20200801,1596219766.517,0.0324780901772613
0,8694,743,10567,2020-08-01 02:26:52.337,20200801,1596220012.337,0.0703132393299895
0,8356,760,6817,2020-08-01 02:28:48.122,20200801,1596220128.122,0.1114859909050902
0,4194,13742,140202,2020-08-01 02:29:15.545,20200801,1596220155.545,0.0980157201751758
0,2610,798,9850,2020-08-01 02:32:38.901,20200801,1596220358.901,0.0810152284263959
0,3868,655,11534,2020-08-01 02:48:03.545,20200801,1596221283.545,0.0567886249349748
0,836,13379,13700,2020-08-01 02:52:37.293,20200801,1596221557.293,0.9765693430656934
0,4111,13031,23824,2020-08-01 02:53:20.423,20200801,1596221600.423,0.546969442578912
0,3913,13240,6741,2020-08-01 02:53:35.185,20200801,1596221615.185,1.9641002818572912
0,7233,13751,67477,2020-08-01 02:58:52.287,20200801,1596221932.287,0.2037879573780695
0,10014,7912,7867,2020-08-01 03:01:17.638,20200801,1596222077.638,1.005720096606076
0,676,10241,6734,2020-08-01 07:36:15.459,20200801,1596238575.459,1.520790020790021
0,10002,12944,11000,2020-08-01 07:37:56.466,20200801,1596238676.466,1.1767272727272726
0,7295,13602,8499,2020-08-01 07:40:20.567,20200801,1596238820.567,1.600423579244617
0,7267,12930,8434,2020-08-01 07:43:14.109,20200801,1596238994.109,1.533080388902063
0,5816,13380,11067,2020-08-01 08:11:29.486,20200801,1596240689.486,1.2089997289238277
0,3488,25145,11900,2020-08-01 08:13:54.222,20200801,1596240834.222,2.1130252100840337
0,2175,13665,10600,2020-08-01 08:17:59.392,20200801,1596241079.392,1.2891509433962265
0,5814,13732,19036,2020-08-01 08:18:57.252,20200801,1596241137.252,0.7213700357217903
0,4211,635,9467,2020-08-01 08:22:49.455,20200801,1596241369.455,0.0670751029893313
0,7239,799,12567,2020-08-01 08:28:07.285,20200801,1596241687.285,0.0635792154054269
0,5835,782,37152,2020-08-01 08:29:19.349,20200801,1596241759.349,0.0210486649440137
0,8732,686,4885,2020-08-01 08:34:37.291,20200801,1596242077.291,0.1404298874104401
0,4121,13144,9377,2020-08-01 08:40:23.402,20200801,1596242423.402,1.4017276314386264
0,2502,13298,9700,2020-08-01 08:41:21.16,20200801,1596242481.16,1.3709278350515464
0,8446,13444,11134,2020-08-01 08:47:36.732,20200801,1596242856.732,1.2074726064307526
0,2351,13434,8697,2020-08-01 10:18:08.231,20200801,1596248288.231,1.544670576060711
0,7046,678165,5184,2020-08-01 10:30:25.823,20200801,1596249025.823,130.81886574074073
0,803,27226,6600,2020-08-01 10:31:51.18,20200801,1596249111.18,4.125151515151515
0,5755,13769,22245,2020-08-01 10:32:05.73,20200801,1596249125.73,0.6189705551809396
0,2645,13049,10542,2020-08-01 10:34:30.321,20200801,1596249270.321,1.237810662113451
0,7300,684,6067,2020-08-01 10:35:57.669,20200801,1596249357.669,0.1127410581836162
0,4161,13322,5800,2020-08-01 10:38:07.174,20200801,1596249487.174,2.2968965517241378
0,9987,13760,7234,2020-08-01 10:44:23.122,20200801,1596249863.122,1.9021288360519768
0,7241,756,11117,2020-08-01 10:46:04.344,20200801,1596249964.344,0.0680039579023117
0,845,760,8734,2020-08-01 10:47:17.066,20200801,1596250037.066,0.087016258300893
0,856,13084,9963,2020-08-01 10:48:14.021,20200801,1596250094.021,1.3132590585165111
0,2422,794,29211,2020-08-01 10:48:28.565,20200801,1596250108.565,0.0271815412002327
0,9751,13590,8726,2020-08-01 10:53:45.924,20200801,1596250425.924,1.5574146229658492
0,855,13388,9467,2020-08-01 10:54:58.402,20200801,1596250498.402,1.4141755571986905
0,808,13557,12184,2020-08-01 11:00:01.818,20200801,1596250801.818,1.11268877216021
0,2128,13252,6550,2020-08-01 11:02:11.481,20200801,1596250931.481,2.023206106870229
0,2624,13220,3434,2020-08-01 11:02:26.255,20200801,1596250946.255,3.849737914967968
0,766,13602,15800,2020-08-01 11:02:54.895,20200801,1596250974.895,0.8608860759493671
0,893,13739,11413,2020-08-01 11:04:35.86,20200801,1596251075.86,1.203802681153071
0,3894,13037,7217,2020-08-01 11:08:27.429,20200801,1596251307.429,1.8064292642372173
0,5850,13044,11842,2020-08-01 11:20:58.43,20200801,1596252058.43,1.1015031244722175
0,4027,13228,7900,2020-08-01 11:28:55.41,20200801,1596252535.41,1.6744303797468354
0,7114,769,6339,2020-08-01 11:30:08.168,20200801,1596252608.168,0.1213125098595993
0,8715,13321,13760,2020-08-01 11:31:05.082,20200801,1596252665.082,0.968095930232558
0,8605,13746,30233,2020-08-01 12:45:43.183,20200801,1596257143.183,0.4546687394568848
0,816,13801,10667,2020-08-01 12:46:55.216,20200801,1596257215.216,1.2938033186462925
0,2334,13410,7967,2020-08-01 12:50:32.187,20200801,1596257432.187,1.6831931718338144
0,5703,737,10211,2020-08-01 12:50:33.05,20200801,1596257433.05,0.0721770639506414
0,2591,1445,8334,2020-08-01 12:51:02.443,20200801,1596257462.443,0.1733861291096712
0,4055,681,7534,2020-08-01 13:06:26.382,20200801,1596258386.382,0.090390230953013
0,2513,13305,11750,2020-08-01 13:06:40.182,20200801,1596258400.182,1.132340425531915
0,5277,13441,11612,2020-08-01 13:07:23.347,20200801,1596258443.347,1.157509472959008
0,5265,13792,9000,2020-08-01 13:12:40.985,20200801,1596258760.985,1.5324444444444445
0,10034,13366,9950,2020-08-01 13:23:31.19,20200801,1596259411.19,1.3433165829145728
0,7318,12881,9934,2020-08-01 13:30:15.778,20200801,1596259815.778,1.2966579424199718
0,796,695,6900,2020-08-01 13:33:52.789,20200801,1596260032.789,0.1007246376811594
0,7284,744,5117,2020-08-01 13:35:33.932,20200801,1596260133.932,0.1453976939613054
0,7313,12714,8534,2020-08-01 13:37:58.229,20200801,1596260278.229,1.4898054839465666
0,5760,13618,63112,2020-08-01 13:42:32.132,20200801,1596260552.132,0.2157751299277475
0,245,13766,7668,2020-08-01 13:47:21.072,20200801,1596260841.072,1.7952529994783517
0,8693,13825,13236,2020-08-01 13:49:59.871,20200801,1596260999.871,1.0444998488969477
0,567,13261,8717,2020-08-01 13:50:14.673,20200801,1596261014.673,1.5212802569691408
0,7266,13225,9134,2020-08-01 13:53:22.221,20200801,1596261202.221,1.4478870155463104
0,8512,740,11500,2020-08-01 13:53:23.232,20200801,1596261203.232,0.0643478260869565
0,5625,709,11534,2020-08-01 14:13:36.597,20200801,1596262416.597,0.0614704352349575
0,5842,13251,10467,2020-08-01 14:34:03.844,20200801,1596263643.844,1.2659787904843796
0,6978,10991,10911,2020-08-01 14:34:47.051,20200801,1596263687.051,1.007332050224544
0,5770,814,20202,2020-08-01 14:49:28.76,20200801,1596264568.76,0.0402930402930402
0,7358,27648,6600,2020-08-01 14:51:38.515,20200801,1596264698.515,4.189090909090909
0,5589,705,10700,2020-08-01 14:56:13.349,20200801,1596264973.349,0.0658878504672897
0,10009,12458,7608,2020-08-01 15:07:31.466,20200801,1596265651.466,1.6374868559411146
0,7353,13748,9417,2020-08-01 15:11:36.871,20200801,1596265896.871,1.4599129234363386
0,8285,13105,10167,2020-08-01 15:15:13.727,20200801,1596266113.727,1.2889741319956722
0,2675,1691,9700,2020-08-02 00:06:11.062,20200802,1596297971.062,0.1743298969072165
0,4286,1895,8280,2020-08-02 00:08:30.468,20200802,1596298110.468,0.2288647342995169
0,4276,858,11680,2020-08-02 00:09:26.981,20200802,1596298166.981,0.073458904109589
0,8770,13528,8600,2020-08-02 00:09:40.662,20200802,1596298180.662,1.5730232558139534
0,8755,820,10177,2020-08-02 00:10:39.236,20200802,1596298239.236,0.0805738429792669
0,906,13581,9472,2020-08-02 00:38:20.009,20200802,1596299900.009,1.433804898648649
0,7362,13631,8000,2020-08-02 00:38:48.697,20200802,1596299928.697,1.703875
0,4266,822,6550,2020-08-02 00:40:30.585,20200802,1596300030.585,0.1254961832061068
0,904,13525,9643,2020-08-02 00:43:08.868,20200802,1596300188.868,1.4025718137509071
0,8746,13620,9567,2020-08-02 00:45:18.548,20200802,1596300318.548,1.4236437754782063
0,8769,13847,7067,2020-08-02 00:48:11.594,20200802,1596300491.594,1.959388708079808
0,781,13415,11534,2020-08-02 00:59:31.057,20200802,1596301171.057,1.1630830587827292
0,5853,13542,5234,2020-08-02 01:01:11.976,20200802,1596301271.976,2.5873137179977075
0,10064,756,7175,2020-08-02 01:02:53.85,20200802,1596301373.85,0.1053658536585365
0,7375,1014,5341,2020-08-02 01:05:47.273,20200802,1596301547.273,0.1898520876240404
0,7091,13792,11935,2020-08-02 01:09:22.872,20200802,1596301762.872,1.1555927943024715
0,839,13581,7400,2020-08-02 01:12:30.853,20200802,1596301950.853,1.8352702702702703
0,2639,730,7400,2020-08-02 01:12:31.635,20200802,1596301951.635,0.0986486486486486
0,2461,13668,6034,2020-08-02 01:12:45.522,20200802,1596301965.522,2.2651640702684785
0,5796,777,10277,2020-08-02 01:13:00.341,20200802,1596301980.341,0.0756057215140605
0,600,13762,3334,2020-08-02 01:14:55.139,20200802,1596302095.139,4.127774445110978
0,4193,731,17195,2020-08-02 01:17:49.923,20200802,1596302269.923,0.0425123582436754
0,4283,786,5900,2020-08-02 01:21:40.885,20200802,1596302500.885,0.1332203389830508
0,7274,802,5573,2020-08-02 01:22:09.461,20200802,1596302529.461,0.1439081284765835
0,8662,818,9367,2020-08-02 01:26:29.554,20200802,1596302789.554,0.0873278531013131
0,7249,13448,57658,2020-08-02 01:32:01.191,20200802,1596303121.191,0.2332373651531444
0,2630,798,11200,2020-08-02 01:36:07.484,20200802,1596303367.484,0.07125
0,7188,13767,19534,2020-08-02 01:38:59.682,20200802,1596303539.682,0.7047711682195147
0,10050,13435,11967,2020-08-02 01:40:26.796,20200802,1596303626.796,1.122670677697
0,7263,13172,6850,2020-08-02 01:45:01.619,20200802,1596303901.619,1.922919708029197
0,5783,13732,7000,2020-08-02 01:48:09.039,20200802,1596304089.039,1.9617142857142853
0,8609,12872,11100,2020-08-02 01:49:07.048,20200802,1596304147.048,1.1596396396396396
0,901,729,6400,2020-08-02 01:50:34.171,20200802,1596304234.171,0.11390625
0,400,13426,8850,2020-08-02 01:52:43.941,20200802,1596304363.941,1.5170621468926553
0,643,13275,9344,2020-08-02 01:55:37.271,20200802,1596304537.271,1.4206977739726028
0,6985,13838,5700,2020-08-02 01:56:19.868,20200802,1596304579.868,2.427719298245614
0,8653,13521,7637,2020-08-02 01:57:18.243,20200802,1596304638.243,1.770459604556763
0,3929,14702,9443,2020-08-02 01:58:01.774,20200802,1596304681.774,1.5569204701895585
0,826,13826,8100,2020-08-02 01:59:13.24,20200802,1596304753.24,1.7069135802469135
0,2139,13785,7567,2020-08-02 02:01:09.136,20200802,1596304869.136,1.8217259151579224
0,8516,13500,7400,2020-08-02 02:03:33.696,20200802,1596305013.696,1.8243243243243243
0,7332,864,9034,2020-08-02 02:03:34.66,20200802,1596305014.66,0.0956386982510515
0,878,13192,8400,2020-08-02 02:10:32.527,20200802,1596305432.527,1.5704761904761906
0,5442,13574,10617,2020-08-02 02:11:16.196,20200802,1596305476.196,1.2785155882075916
0,2504,776,11900,2020-08-02 02:16:05.436,20200802,1596305765.436,0.0652100840336134
0,815,13848,54985,2020-08-02 02:22:19.951,20200802,1596306139.951,0.2518505046830954
0,5874,697,6571,2020-08-02 02:22:35.974,20200802,1596306155.974,0.1060721351392482
0,788,13707,14500,2020-08-02 02:41:35.753,20200802,1596307295.753,0.9453103448275862
0,4195,13402,8634,2020-08-02 02:42:05.59,20200802,1596307325.59,1.552235348621728
0,6952,13403,7600,2020-08-02 03:01:35.011,20200802,1596308495.011,1.7635526315789474
0,8783,764,9265,2020-08-02 03:02:33.498,20200802,1596308553.498,0.08246087425796
0,649,748,9434,2020-08-02 03:03:17.049,20200802,1596308597.049,0.0792876828492686
0,4006,14126,12667,2020-08-02 03:04:58.725,20200802,1596308698.725,1.1151811794426465
0,5865,810,8567,2020-08-02 03:07:36.996,20200802,1596308856.996,0.0945488502392903
0,5831,784,8900,2020-08-02 03:10:01.56,20200802,1596309001.56,0.0880898876404494
0,4273,13286,7758,2020-08-02 03:14:06.443,20200802,1596309246.443,1.7125547821603506
0,5590,13416,8034,2020-08-02 03:17:28.622,20200802,1596309448.622,1.6699029126213591
0,8734,919,11587,2020-08-02 03:17:43.606,20200802,1596309463.606,0.0793130232156727
0,5632,734,7150,2020-08-02 03:18:27.185,20200802,1596309507.185,0.1026573426573426
0,2283,736,11200,2020-08-02 03:18:55.793,20200802,1596309535.793,0.0657142857142857
0,851,13315,11424,2020-08-02 03:19:38.554,20200802,1596309578.554,1.1655287114845938
0,7361,13255,7934,2020-08-02 03:19:53.261,20200802,1596309593.261,1.670657927905218
0,8554,13087,9358,2020-08-02 03:24:56.394,20200802,1596309896.394,1.3984825817482367
0,8234,13403,11000,2020-08-02 03:25:39.956,20200802,1596309939.956,1.2184545454545457
0,10061,13289,9219,2020-08-02 03:30:14.396,20200802,1596310214.396,1.4414795530968652
0,2339,13826,15134,2020-08-02 03:33:21.716,20200802,1596310401.716,0.9135720893352716
0,10057,13228,7407,2020-08-02 03:33:36.575,20200802,1596310416.575,1.7858782233022816
0,804,759,8084,2020-08-02 03:37:57.431,20200802,1596310677.431,0.0938891637803067
0,876,28010,8104,2020-08-02 03:43:14.53,20200802,1596310994.53,3.4563178677196444
0,7257,912,6943,2020-08-02 03:48:03.829,20200802,1596311283.829,0.1313553219069566
0,4142,13789,7634,2020-08-02 03:50:12.518,20200802,1596311412.518,1.8062614618810584
0,4199,13028,11006,2020-08-02 03:59:36.514,20200802,1596311976.514,1.1837179720152644
0,5572,556,9167,2020-08-02 04:00:06.081,20200802,1596312006.081,0.0606523399149121
0,9873,13157,10267,2020-08-02 04:06:21.074,20200802,1596312381.074,1.281484367390669
0,6839,13400,45379,2020-08-02 04:26:19.902,20200802,1596313579.902,0.2952907732651667
0,8137,12801,29568,2020-08-02 04:38:36.788,20200802,1596314316.788,0.4329342532467532
0,4298,13784,10134,2020-08-02 04:41:15.261,20200802,1596314475.261,1.3601736727846852
0,5687,996,13167,2020-08-02 04:42:13.891,20200802,1596314533.891,0.075643654591023
0,7384,834,6567,2020-08-02 09:28:28.499,20200802,1596331708.499,0.1269986295111923
0,917,13348,8986,2020-08-02 09:33:45.605,20200802,1596332025.605,1.485421767193412
0,7380,13822,7074,2020-08-02 09:42:54.043,20200802,1596332574.043,1.9539157478088776
0,3767,789,9938,2020-08-02 09:43:09.819,20200802,1596332589.819,0.0793922318373918
0,10069,13710,7550,2020-08-02 09:44:20.91,20200802,1596332660.91,1.8158940397351
0,8546,763,8217,2020-08-02 09:46:32.06,20200802,1596332792.06,0.0928562735791651
0,9722,27075,8984,2020-08-02 09:52:17.988,20200802,1596333137.988,3.013691006233304
0,3488,680,11900,2020-08-02 09:54:43.317,20200802,1596333283.317,0.0571428571428571
0,7314,761,6440,2020-08-02 09:58:48.643,20200802,1596333528.643,0.118167701863354
0,4139,760,9100,2020-08-02 10:05:19.756,20200802,1596333919.756,0.0835164835164835
0,154,13788,3167,2020-08-02 10:11:04.174,20200802,1596334264.174,4.353646984527945
0,581,13199,7805,2020-08-02 10:12:45.305,20200802,1596334365.305,1.6910954516335683
0,5525,760,3300,2020-08-02 10:13:29.422,20200802,1596334409.422,0.2303030303030303
0,4013,13579,9593,2020-08-02 10:20:27.92,20200802,1596334827.92,1.4155113103304493
0,6951,13323,7934,2020-08-02 10:24:18.87,20200802,1596335058.87,1.6792286362490547
0,6870,13639,5067,2020-08-02 10:37:04.563,20200802,1596335824.563,2.691730807183738
0,4043,13719,7834,2020-08-02 10:41:38.592,20200802,1596336098.592,1.7512126627521063
0,4282,762,5248,2020-08-02 10:49:22.055,20200802,1596336562.055,0.1451981707317073
0,8435,13748,3900,2020-08-02 10:56:34.175,20200802,1596336994.175,3.525128205128205
0,8560,701,11217,2020-08-02 11:06:27.171,20200802,1596337587.171,0.062494428100205
0,7290,13372,8267,2020-08-02 11:08:36.775,20200802,1596337716.775,1.617515422765211
0,6822,735,13334,2020-08-02 11:18:29.565,20200802,1596338309.565,0.0551222438878056
0,4185,833,113221,2020-08-02 11:24:45.403,20200802,1596338685.403,0.0073572923750894
0,288,13152,8900,2020-08-02 11:26:25.491,20200802,1596338785.491,1.4777528089887642
0,8786,13739,12317,2020-08-02 11:27:37.287,20200802,1596338857.287,1.1154501907932126
0,5734,896,10745,2020-08-02 11:30:17.399,20200802,1596339017.399,0.0833876221498371
0,5421,12594,6934,2020-08-02 11:30:45.635,20200802,1596339045.635,1.816267666570522
0,2039,709,6520,2020-08-02 12:03:30.192,20200802,1596341010.192,0.1087423312883435
0,10021,12522,8475,2020-08-02 12:04:41.913,20200802,1596341081.913,1.4775221238938052
0,9976,13748,10263,2020-08-02 12:08:18.708,20200802,1596341298.708,1.3395693267075903
0,659,843,7253,2020-08-02 12:08:48.352,20200802,1596341328.352,0.1162277678202123
0,8425,13333,9234,2020-08-02 12:09:01.981,20200802,1596341341.981,1.44390296729478
0,4305,13307,8867,2020-08-02 12:10:13.578,20200802,1596341413.578,1.500733055148303
0,5880,13321,5039,2020-08-02 12:12:24.071,20200802,1596341544.071,2.643580075411788
0,8766,13774,6200,2020-08-02 12:14:33.744,20200802,1596341673.744,2.2216129032258065
0,8689,11635,12767,2020-08-02 12:15:46.407,20200802,1596341746.407,0.9113339077308686
0,5881,732,11780,2020-08-02 12:20:35.856,20200802,1596342035.856,0.0621392190152801
0,6824,8968,7017,2020-08-02 12:25:24.505,20200802,1596342324.505,1.278039048026222
0,629,13117,8667,2020-08-02 12:25:52.851,20200802,1596342352.851,1.5134417907003577
0,597,13413,8893,2020-08-02 12:26:07.605,20200802,1596342367.605,1.508264927471045
0,8524,13142,3567,2020-08-02 12:29:58.255,20200802,1596342598.255,3.684328567423605
0,8652,14590,18102,2020-08-02 12:33:49.873,20200802,1596342829.873,0.8059882885868965
0,5626,13399,6098,2020-08-02 12:36:14.185,20200802,1596342974.185,2.197277795998688
0,9960,13468,45233,2020-08-02 12:43:41.727,20200802,1596343421.727,0.2977472199500365
0,5859,13190,10277,2020-08-02 12:52:35.932,20200802,1596343955.932,1.2834484771820571
0,756,13257,13147,2020-08-02 13:09:41.191,20200802,1596344981.191,1.008366927816232
0,10078,13126,10144,2020-08-02 13:12:20.168,20200802,1596345140.168,1.2939668769716088
0,2685,14508,11134,2020-08-02 13:20:31.63,20200802,1596345631.63,1.3030357463624933
0,4146,13487,11448,2020-08-02 13:23:39.066,20200802,1596345819.066,1.178109713487072
0,7365,687,10200,2020-08-02 13:47:15.3,20200802,1596347235.3,0.0673529411764705
0,7035,13759,6000,2020-08-02 13:48:40.895,20200802,1596347320.895,2.2931666666666666
0,243,575,8600,2020-08-02 13:50:37.518,20200802,1596347437.518,0.066860465116279
0,9933,12986,5267,2020-08-02 13:51:49.226,20200802,1596347509.226,2.465540155686349
0,3972,560,7041,2020-08-02 14:01:13.288,20200802,1596348073.288,0.0795341570799602
0,2681,762,11480,2020-08-02 14:02:54.374,20200802,1596348174.374,0.066376306620209
0,3964,694,10067,2020-08-02 14:06:01.813,20200802,1596348361.813,0.0689381146319658
0,945,659,13003,2020-08-02 14:11:48.242,20200802,1596348708.242,0.0506806121664231
0,2691,13094,11584,2020-08-02 14:13:14.577,20200802,1596348794.577,1.1303522099447514
0,5763,698,9067,2020-08-02 14:13:58.768,20200802,1596348838.768,0.0769824638800044
0,8799,12094,7034,2020-08-02 14:16:51.61,20200802,1596349011.61,1.7193630935456354
0,9927,726,8767,2020-08-02 14:17:49.574,20200802,1596349069.574,0.082810539523212
0,4312,709,5734,2020-08-02 14:27:27.554,20200802,1596349647.554,0.1236484129752354
0,2592,653,15000,2020-08-02 14:29:37.423,20200802,1596349777.423,0.0435333333333333
0,7383,13244,3067,2020-08-02 14:34:11.141,20200802,1596350051.141,4.318226279752201
0,2690,13545,12134,2020-08-02 14:35:37.537,20200802,1596350137.537,1.1162848195154111
0,5844,13394,7634,2020-08-02 14:41:10.331,20200802,1596350470.331,1.754519255960178
0,849,13676,11434,2020-08-02 14:46:12.899,20200802,1596350772.899,1.1960818611159698
0,5898,13055,9520,2020-08-02 14:52:28.759,20200802,1596351148.759,1.3713235294117647
0,513,664,10914,2020-08-02 14:52:29.682,20200802,1596351149.682,0.0608392889866226
0,9971,791,140249,2020-08-02 14:52:58.015,20200802,1596351178.015,0.0056399689124343
0,5826,623,6834,2020-08-02 14:53:12.963,20200802,1596351192.963,0.0911618378694761
0,5464,13665,3270,2020-08-02 14:55:36.184,20200802,1596351336.184,4.178899082568807
0,3723,13370,4600,2020-08-02 14:56:05.65,20200802,1596351365.65,2.9065217391304348
0,639,847,5900,2020-08-02 14:56:06.775,20200802,1596351366.775,0.1435593220338983
0,2402,13168,7723,2020-08-02 14:56:48.853,20200802,1596351408.853,1.7050369027579957
0,8228,13220,8576,2020-08-02 14:57:47.433,20200802,1596351467.433,1.5415111940298507
0,4120,295,9134,2020-08-02 14:57:48.829,20200802,1596351468.829,0.0322969126341143
0,5387,13630,10517,2020-08-02 14:59:02.081,20200802,1596351542.081,1.295996957307217
0,8618,2390,8200,2020-08-02 14:59:04.798,20200802,1596351544.798,0.2914634146341463
0,6854,1343,6000,2020-08-03 00:04:29.815,20200803,1596384269.815,0.2238333333333333
0,2698,13327,12075,2020-08-03 00:04:57.748,20200803,1596384297.748,1.1036853002070393
0,5771,774,8383,2020-08-03 00:04:58.65,20200803,1596384298.65,0.0923297148992007
0,3703,13465,8367,2020-08-03 00:05:12.549,20200803,1596384312.549,1.6092984343253256
0,5290,13779,8167,2020-08-03 00:05:26.233,20200803,1596384326.233,1.6871556263009673
0,729,747,11160,2020-08-03 00:05:27.198,20200803,1596384327.198,0.0669354838709677
0,3722,13711,6067,2020-08-03 00:06:09.491,20200803,1596384369.491,2.2599307730344487
0,709,13244,15984,2020-08-03 00:06:24.181,20200803,1596384384.181,0.8285785785785785
0,3730,13546,9867,2020-08-03 00:07:36.647,20200803,1596384456.647,1.372859025032938
0,2404,13333,7920,2020-08-03 00:08:19.886,20200803,1596384499.886,1.683459595959596
0,2480,13345,11000,2020-08-03 00:08:34.602,20200803,1596384514.602,1.213181818181818
0,4105,13654,8406,2020-08-03 00:08:48.431,20200803,1596384528.431,1.6243159647870569
0,2084,13540,6634,2020-08-03 00:10:00.942,20200803,1596384600.942,2.0410009044317152
0,5684,772,10200,2020-08-03 00:10:01.943,20200803,1596384601.943,0.0756862745098039
0,658,13386,14100,2020-08-03 00:10:58.881,20200803,1596384658.881,0.9493617021276596
0,5688,13466,10774,2020-08-03 00:11:13.655,20200803,1596384673.655,1.2498607759420828
0,2324,13775,8917,2020-08-03 00:11:27.383,20200803,1596384687.383,1.5448020634742627
0,2374,801,34737,2020-08-03 00:11:28.135,20200803,1596384688.135,0.0230589860955177
0,4114,771,8767,2020-08-03 00:12:11.554,20200803,1596384731.554,0.0879434242044028
0,2237,698,12818,2020-08-03 00:12:26.175,20200803,1596384746.175,0.0544546731159307
0,8309,802,7967,2020-08-03 00:12:40.881,20200803,1596384760.881,0.1006652441320446
0,632,747,7567,2020-08-03 00:13:24.158,20200803,1596384804.158,0.0987181181445751
0,9926,774,6700,2020-08-03 00:13:52.594,20200803,1596384832.594,0.1155223880597015
0,4321,13619,8592,2020-08-03 00:14:06.37,20200803,1596384846.37,1.5850791433891993
0,4049,13600,10900,2020-08-03 00:15:47.485,20200803,1596384947.485,1.2477064220183487
0,7178,728,9534,2020-08-03 00:16:03.076,20200803,1596384963.076,0.0763582966226138
0,8800,13562,6567,2020-08-03 00:16:16.794,20200803,1596384976.794,2.065174356631643
0,7195,13549,9467,2020-08-03 00:18:26.541,20200803,1596385106.541,1.4311820006337803
0,5719,750,8000,2020-08-03 00:19:10.505,20200803,1596385150.505,0.09375
0,6993,13713,8200,2020-08-03 00:19:24.312,20200803,1596385164.312,1.6723170731707315
0,8260,13782,9150,2020-08-03 00:21:48.551,20200803,1596385308.551,1.5062295081967214
0,9915,790,6976,2020-08-03 00:23:01.877,20200803,1596385381.877,0.1132454128440366
0,5596,793,43648,2020-08-03 00:25:11.635,20200803,1596385511.635,0.0181680718475073
0,2047,13761,8667,2020-08-03 00:26:51.838,20200803,1596385611.838,1.5877466251298027
0,265,773,7067,2020-08-03 00:27:07.398,20200803,1596385627.398,0.1093816329418423
0,6846,773,5760,2020-08-03 00:27:21.981,20200803,1596385641.981,0.1342013888888888
0,8295,757,6717,2020-08-03 00:29:03.035,20200803,1596385743.035,0.1126991216316808
0,9747,13417,6800,2020-08-03 00:29:16.838,20200803,1596385756.838,1.9730882352941177
0,2021,13726,8534,2020-08-03 00:30:28.568,20200803,1596385828.568,1.60838996953363
0,5353,13411,11634,2020-08-03 00:30:43.186,20200803,1596385843.186,1.1527419632112772
0,4044,734,10300,2020-08-03 00:31:27.271,20200803,1596385887.271,0.07126213592233
0,229,703,7600,2020-08-03 00:31:41.972,20200803,1596385901.972,0.0925
0,2238,767,10034,2020-08-03 00:32:10.567,20200803,1596385930.567,0.0764401036475981
0,5700,648,10528,2020-08-03 00:33:23.066,20200803,1596386003.066,0.0615501519756838
0,2347,13579,5934,2020-08-03 00:34:05.348,20200803,1596386045.348,2.2883383889450624
0,607,764,7686,2020-08-03 00:34:06.221,20200803,1596386046.221,0.0994015092375748
0,4270,820,8300,2020-08-03 00:34:20.979,20200803,1596386060.979,0.0987951807228915
0,5701,13737,8100,2020-08-03 00:34:48.701,20200803,1596386088.701,1.6959259259259258
0,4066,12249,6600,2020-08-03 00:36:01.105,20200803,1596386161.105,1.855909090909091
0,662,750,8476,2020-08-03 00:37:43.047,20200803,1596386263.047,0.0884851344974044
0,8366,764,3300,2020-08-03 00:39:24.15,20200803,1596386364.15,0.2315151515151515
0,300,13322,7253,2020-08-03 00:40:06.513,20200803,1596386406.513,1.836757203915621
0,4063,780,8405,2020-08-03 00:41:48.981,20200803,1596386508.981,0.0928019036287923
0,7316,13241,10400,2020-08-03 00:42:59.948,20200803,1596386579.948,1.273173076923077
0,8537,13609,140063,2020-08-03 00:44:55.645,20200803,1596386695.645,0.0971634193184495
0,2391,13790,28561,2020-08-03 00:46:07.299,20200803,1596386767.299,0.4828262315745247
0,9911,13148,9967,2020-08-03 00:48:17.852,20200803,1596386897.852,1.3191532055784088
0,8571,805,47880,2020-08-03 00:49:44.925,20200803,1596386984.925,0.016812865497076
0,4059,13422,9984,2020-08-03 00:51:39.906,20200803,1596387099.906,1.3443509615384617
0,6829,12875,7734,2020-08-03 00:52:37.684,20200803,1596387157.684,1.664727178691492
0,9938,749,9450,2020-08-03 00:54:19.58,20200803,1596387259.58,0.0792592592592592
0,5848,759,140040,2020-08-03 00:55:02.746,20200803,1596387302.746,0.0054198800342759
0,951,13228,10300,2020-08-03 00:57:40.714,20200803,1596387460.714,1.2842718446601942
0,217,13511,5367,2020-08-03 01:00:19.636,20200803,1596387619.636,2.51742127818148
0,8498,743,8406,2020-08-03 01:00:20.5,20200803,1596387620.5,0.088389245776826
0,4046,13400,10584,2020-08-03 01:00:34.226,20200803,1596387634.226,1.266061980347695
0,5287,765,9651,2020-08-03 01:00:35.121,20200803,1596387635.121,0.0792663972645321
0,1973,13529,7400,2020-08-03 01:01:17.421,20200803,1596387677.421,1.8282432432432432
0,698,13402,10906,2020-08-03 01:01:32.096,20200803,1596387692.096,1.228864845039428
0,2052,13767,7534,2020-08-03 01:02:00.648,20200803,1596387720.648,1.8273161667109104
0,5646,718,9700,2020-08-03 01:02:16.14,20200803,1596387736.14,0.074020618556701
0,8311,13298,6016,2020-08-03 01:03:13.093,20200803,1596387793.093,2.210438829787234
0,4037,13481,9834,2020-08-03 01:03:27.821,20200803,1596387807.821,1.3708562131380924
0,5671,768,6167,2020-08-03 01:03:42.674,20200803,1596387822.674,0.1245338089832982
0,324,13423,8400,2020-08-03 01:05:08.835,20200803,1596387908.835,1.5979761904761904
0,3694,13351,8200,2020-08-03 01:06:06.748,20200803,1596387966.748,1.628170731707317
0,2210,698,6567,2020-08-03 01:09:14.921,20200803,1596388154.921,0.1062890208618851
0,8544,750,6667,2020-08-03 01:09:58.187,20200803,1596388198.187,0.1124943752812359
0,4028,13491,9667,2020-08-03 01:10:11.943,20200803,1596388211.943,1.3955725664632257
0,2455,13006,8767,2020-08-03 01:10:26.576,20200803,1596388226.576,1.483517736968176
0,5726,816,8290,2020-08-03 01:12:08.537,20200803,1596388328.537,0.0984318455971049
0,8477,13087,7500,2020-08-03 01:12:50.792,20200803,1596388370.792,1.7449333333333332
0,714,13136,8934,2020-08-03 01:13:34.025,20200803,1596388414.025,1.4703380344750392
0,522,777,9600,2020-08-03 01:13:34.893,20200803,1596388414.893,0.0809375
0,2077,763,8040,2020-08-03 01:13:49.523,20200803,1596388429.523,0.0949004975124378
0,884,13734,19366,2020-08-03 01:14:03.218,20200803,1596388443.218,0.7091810389342146
0,4033,12776,10634,2020-08-03 01:14:46.488,20200803,1596388486.488,1.2014293774684972
0,1965,13251,8336,2020-08-03 01:18:23.382,20200803,1596388703.382,1.5896113243761996
0,8621,13668,9934,2020-08-03 01:18:37.161,20200803,1596388717.161,1.3758808133682303
0,6801,13440,6933,2020-08-03 01:18:51.838,20200803,1596388731.838,1.938554738208568
0,7269,720,8067,2020-08-03 01:18:52.655,20200803,1596388732.655,0.0892525102268501
0,606,13755,7767,2020-08-03 01:19:34.987,20200803,1596388774.987,1.7709540363074543
0,7144,785,8709,2020-08-03 01:19:36.013,20200803,1596388776.013,0.0901366402572051
0,638,10199,6184,2020-08-03 01:20:18.19,20200803,1596388818.19,1.649256144890039
0,5696,746,11564,2020-08-03 01:21:17.178,20200803,1596388877.178,0.0645105499827049
0,3909,13345,7082,2020-08-03 01:22:14.023,20200803,1596388934.023,1.8843547020615643
0,2662,13714,140156,2020-08-03 01:24:24.372,20200803,1596389064.372,0.0978481121036559
0,9886,13276,8021,2020-08-03 01:26:34.166,20200803,1596389194.166,1.655155217553921
0,4335,800,9900,2020-08-03 01:28:59.442,20200803,1596389339.442,0.0808080808080808
0,5695,730,10920,2020-08-03 01:29:27.882,20200803,1596389367.882,0.0668498168498168
0,967,13208,9400,2020-08-03 01:30:54.359,20200803,1596389454.359,1.4051063829787234
0,8397,13333,8300,2020-08-03 01:31:52.242,20200803,1596389512.242,1.6063855421686748
0,4222,13245,7967,2020-08-03 01:33:04.062,20200803,1596389584.062,1.662482741307895
0,684,12866,7500,2020-08-03 01:34:45.121,20200803,1596389685.121,1.7154666666666667
0,237,13365,10380,2020-08-03 01:35:14.45,20200803,1596389714.45,1.28757225433526
0,7219,13746,8634,2020-08-03 01:35:28.305,20200803,1596389728.305,1.592077831827658
0,2409,688,9900,2020-08-03 01:35:43.859,20200803,1596389743.859,0.0694949494949495
0,7161,13460,9450,2020-08-03 01:36:40.893,20200803,1596389800.893,1.4243386243386242
0,4032,13364,9835,2020-08-03 01:38:36.633,20200803,1596389916.633,1.3588205388917132
0,8631,745,10550,2020-08-03 01:41:45.024,20200803,1596390105.024,0.0706161137440758
0,9777,13314,9660,2020-08-03 01:47:45.325,20200803,1596390465.325,1.3782608695652174
0,262,657,11080,2020-08-03 01:52:49.407,20200803,1596390769.407,0.0592960288808664
0,5522,13286,7267,2020-08-03 01:55:12.854,20200803,1596390912.854,1.8282647584973168
0,3654,724,9500,2020-08-03 01:55:57.025,20200803,1596390957.025,0.0762105263157894
0,7166,13685,10011,2020-08-03 01:56:39.287,20200803,1596390999.287,1.366996304065528
0,2373,1194,8867,2020-08-03 01:58:51.05,20200803,1596391131.05,0.1346565918574489
0,722,13241,6084,2020-08-03 02:03:38.528,20200803,1596391418.528,2.1763642340565417
0,10084,704,10317,2020-08-03 02:09:11.184,20200803,1596391751.184,0.0682368905689638
0,5640,747,8434,2020-08-03 02:13:16.748,20200803,1596391996.748,0.0885700735119753
0,4320,13163,9033,2020-08-03 02:18:48.334,20200803,1596392328.334,1.4572124432635891
0,5651,13723,12096,2020-08-03 02:23:22.395,20200803,1596392602.395,1.1345072751322751
0,5331,640,11434,2020-08-03 02:23:23.188,20200803,1596392603.188,0.0559734126290012
0,3965,693,6897,2020-08-03 02:23:52.62,20200803,1596392632.62,0.1004784688995215
0,3647,721,11967,2020-08-03 02:25:33.715,20200803,1596392733.715,0.0602490181331996
0,636,828,10428,2020-08-03 02:26:02.319,20200803,1596392762.319,0.0794016110471806
0,9857,13300,9434,2020-08-03 02:30:21.372,20200803,1596393021.372,1.4097943608225567
0,2554,13290,9334,2020-08-03 02:33:00.529,20200803,1596393180.529,1.4238268695093208
0,8612,853,8400,2020-08-03 02:38:19.388,20200803,1596393499.388,0.101547619047619
0,3982,708,10567,2020-08-03 02:38:47.762,20200803,1596393527.762,0.0670010409766253
0,664,11855,11434,2020-08-03 02:40:57.358,20200803,1596393657.358,1.036820010495015
0,5743,13781,15186,2020-08-03 02:41:25.673,20200803,1596393685.673,0.907480574213091
0,4060,13774,12000,2020-08-03 02:42:09.079,20200803,1596393729.079,1.1478333333333333
0,3947,660,5016,2020-08-03 02:42:09.919,20200803,1596393729.919,0.131578947368421
0,2437,577,9667,2020-08-03 02:42:24.614,20200803,1596393744.614,0.0596875969794145
0,2137,13251,5367,2020-08-03 02:43:06.931,20200803,1596393786.931,2.4689770821688093
0,666,752,10800,2020-08-03 02:43:51.058,20200803,1596393831.058,0.0696296296296296
0,4325,13251,7067,2020-08-03 02:44:04.818,20200803,1596393844.818,1.8750530635347389
0,5643,755,8619,2020-08-03 02:44:05.723,20200803,1596393845.723,0.0875971690451328
0,3859,13084,8870,2020-08-03 02:46:43.83,20200803,1596394003.83,1.4750845546786922
0,6788,13179,14884,2020-08-03 02:47:27.003,20200803,1596394047.003,0.8854474603601182
0,8316,13242,7008,2020-08-03 02:48:24.95,20200803,1596394104.95,1.889554794520548
0,5704,687,8917,2020-08-03 02:49:37.671,20200803,1596394177.671,0.0770438488280812
0,625,731,7967,2020-08-03 02:50:50.256,20200803,1596394250.256,0.0917534831178611
0,723,13181,4501,2020-08-03 02:51:03.939,20200803,1596394263.939,2.92846034214619
0,9967,651,6567,2020-08-03 02:51:33.333,20200803,1596394293.333,0.0991320237551393
0,5706,685,7667,2020-08-03 02:52:31.27,20200803,1596394351.27,0.0893439415677579
0,695,13812,17067,2020-08-03 02:52:58.779,20200803,1596394378.779,0.8092810687291264
0,2477,13222,8545,2020-08-03 02:55:37.967,20200803,1596394537.967,1.5473376243417205
0,5328,649,57567,2020-08-03 02:56:21.967,20200803,1596394581.967,0.0112738200705265
0,5560,727,6680,2020-08-03 02:57:19.812,20200803,1596394639.812,0.1088323353293413
0,715,719,8266,2020-08-03 02:59:00.797,20200803,1596394740.797,0.0869828211952576
0,3932,687,8934,2020-08-03 03:01:25.115,20200803,1596394885.115,0.0768972464741437
0,7429,13362,11567,2020-08-03 03:01:39.012,20200803,1596394899.012,1.155182847756549
0,8586,13398,10772,2020-08-03 03:01:53.698,20200803,1596394913.698,1.2437801708132197
0,9974,13635,6500,2020-08-03 03:02:22.217,20200803,1596394942.217,2.0976923076923075
0,4131,707,8334,2020-08-03 03:02:37.815,20200803,1596394957.815,0.0848332133429325
0,2425,27980,11239,2020-08-03 03:17:03.428,20200803,1596395823.428,2.4895453332146986
0,7306,12659,9234,2020-08-03 03:17:18.218,20200803,1596395838.218,1.3709118475200346
0,5614,13778,10600,2020-08-03 03:20:54.051,20200803,1596396054.051,1.299811320754717
0,2503,11677,10134,2020-08-03 03:22:21.319,20200803,1596396141.319,1.1522597197552793
0,8602,13425,10834,2020-08-03 03:23:47.689,20200803,1596396227.689,1.239154513568396
0,2040,13172,10000,2020-08-03 03:25:28.789,20200803,1596396328.789,1.3172
0,2411,760,7083,2020-08-03 03:25:58.223,20200803,1596396358.223,0.1072991670196244
0,9850,512,4767,2020-08-03 03:26:41.368,20200803,1596396401.368,0.1074050765680721
0,169,13287,9767,2020-08-03 03:30:46.769,20200803,1596396646.769,1.3603972560663458
0,4314,13160,12947,2020-08-03 03:31:29.96,20200803,1596396689.96,1.0164516876496483
0,2660,14510,8320,2020-08-03 03:32:56.404,20200803,1596396776.404,1.7439903846153846
0,663,704,5712,2020-08-03 03:32:57.47,20200803,1596396777.47,0.1232492997198879
0,5610,13166,10280,2020-08-03 03:33:54.297,20200803,1596396834.297,1.2807392996108948
0,10083,842,7800,2020-08-03 03:34:38.901,20200803,1596396878.901,0.1079487179487179
0,6967,786,9000,2020-08-03 03:36:04.915,20200803,1596396964.915,0.0873333333333333
0,835,604,7339,2020-08-03 03:39:41.716,20200803,1596397181.716,0.0823000408775037
0,2506,13220,6101,2020-08-03 03:41:51.162,20200803,1596397311.162,2.166857892148828
0,3984,13599,8747,2020-08-03 03:45:27.086,20200803,1596397527.086,1.5547044701040356
0,2294,13072,59434,2020-08-03 03:46:39.706,20200803,1596397599.706,0.2199414476562237
0,4065,13259,5500,2020-08-03 03:48:20.777,20200803,1596397700.777,2.410727272727273
0,5754,13163,7720,2020-08-03 03:50:01.837,20200803,1596397801.837,1.7050518134715027
0,665,721,7175,2020-08-03 03:51:43.983,20200803,1596397903.983,0.1004878048780487
0,5420,12962,57567,2020-08-03 03:51:57.524,20200803,1596397917.524,0.2251637222714402
0,2638,13388,5563,2020-08-03 04:07:21.935,20200803,1596398841.935,2.4066151357181376
0,8819,13672,6100,2020-08-03 04:07:35.907,20200803,1596398855.907,2.241311475409836
0,534,773,24892,2020-08-03 04:07:51.368,20200803,1596398871.368,0.0310541539450425
0,6935,13226,10234,2020-08-03 04:09:46.33,20200803,1596398986.33,1.2923588039867109
0,8804,13075,11059,2020-08-03 04:11:12.746,20200803,1596399072.746,1.182294963378244
0,4099,682,10773,2020-08-03 04:17:14.712,20200803,1596399434.712,0.0633064141836071
0,5718,742,28500,2020-08-03 04:19:10.321,20200803,1596399550.321,0.0260350877192982
0,2570,687,7534,2020-08-03 04:23:01.044,20200803,1596399781.044,0.0911866206530395
0,5634,13256,7550,2020-08-03 04:23:44.239,20200803,1596399824.239,1.7557615894039735
0,963,13668,4911,2020-08-03 04:27:20.319,20200803,1596400040.319,2.783139890042761
0,5636,694,15000,2020-08-03 04:28:19.171,20200803,1596400099.171,0.0462666666666666
0,2501,733,10884,2020-08-03 04:31:26.609,20200803,1596400286.609,0.0673465637633223
0,206,721,9067,2020-08-03 04:32:39.197,20200803,1596400359.197,0.0795191353259071
0,5713,749,8042,2020-08-03 04:36:44.591,20200803,1596400604.591,0.093136035811987
0,4092,13029,6217,2020-08-03 04:44:11.918,20200803,1596401051.918,2.095705324111308
0,8541,12808,6034,2020-08-03 04:48:02.559,20200803,1596401282.559,2.122638382499172
0,2001,797,24667,2020-08-03 04:49:59.235,20200803,1596401399.235,0.0323103741841326
0,3918,0,6548,2020-08-03 04:56:29.604,20200803,1596401789.604,0.0
0,3720,721,5573,2020-08-03 04:57:26.55,20200803,1596401846.55,0.1293737663735869
0,2497,562,7000,2020-08-03 04:58:39.109,20200803,1596401919.109,0.0802857142857142
0,7062,13136,6200,2020-08-03 05:01:02.516,20200803,1596402062.516,2.118709677419355
0,5672,13377,8600,2020-08-03 05:01:31.809,20200803,1596402091.809,1.5554651162790698
0,5663,12908,8234,2020-08-03 05:02:29.661,20200803,1596402149.661,1.5676463444255526
0,6787,13080,3838,2020-08-03 05:02:58.226,20200803,1596402178.226,3.4080250130276184
0,2459,770,15140,2020-08-03 05:02:58.926,20200803,1596402178.926,0.0508586525759577
0,2010,654,7334,2020-08-03 05:03:57.106,20200803,1596402237.106,0.0891737114807744
0,7043,10273,7067,2020-08-03 05:04:39.339,20200803,1596402279.339,1.4536578463280034
0,5656,670,6100,2020-08-03 05:08:45.668,20200803,1596402525.668,0.1098360655737704
0,8758,696,8267,2020-08-03 05:09:43.563,20200803,1596402583.563,0.0841901536228377
0,751,13111,8547,2020-08-03 05:09:57.219,20200803,1596402597.219,1.533988533988534
0,4119,692,7634,2020-08-03 05:10:12.064,20200803,1596402612.064,0.0906471050563269
0,7020,642,11400,2020-08-03 05:13:05.598,20200803,1596402785.598,0.0563157894736842
0,2343,779,3848,2020-08-03 05:14:03.625,20200803,1596402843.625,0.2024428274428274
0,9756,13690,8967,2020-08-03 05:19:34.579,20200803,1596403174.579,1.526709044273447
0,2678,12316,15783,2020-08-03 05:24:52.558,20200803,1596403492.558,0.7803332699740226
0,4023,13332,8640,2020-08-03 05:26:48.328,20200803,1596403608.328,1.5430555555555556
0,7186,572,5806,2020-08-03 05:28:00.851,20200803,1596403680.851,0.0985187736823975
0,340,709,5834,2020-08-03 05:35:00.095,20200803,1596404100.095,0.1215289681179293
0,3975,13714,8592,2020-08-03 05:35:27.659,20200803,1596404127.659,1.596135940409683
0,272,683,7849,2020-08-03 05:37:09.695,20200803,1596404229.695,0.0870174544527965
0,7156,13648,7500,2020-08-03 05:38:49.919,20200803,1596404329.919,1.8197333333333328
0,2149,709,7640,2020-08-03 05:39:05.598,20200803,1596404345.598,0.0928010471204188
0,8394,729,7616,2020-08-03 05:41:14.97,20200803,1596404474.97,0.095719537815126
0,3709,713,6873,2020-08-03 05:43:10.859,20200803,1596404590.859,0.1037392696057034
0,8291,13483,6817,2020-08-03 05:45:05.796,20200803,1596404705.796,1.9778494939122784
0,6809,13058,7168,2020-08-03 05:47:44.623,20200803,1596404864.623,1.8217075892857144
0,5925,13065,10234,2020-08-03 05:59:32.218,20200803,1596405572.218,1.276626929841704
0,3772,668,8213,2020-08-03 06:15:11.615,20200803,1596406511.615,0.0813344697430902
0,2483,714,12282,2020-08-03 06:26:16.096,20200803,1596407176.096,0.058133854421104
0,651,13086,10347,2020-08-03 06:29:23.555,20200803,1596407363.555,1.2647144099739054
0,5693,11954,9800,2020-08-03 06:38:18.305,20200803,1596407898.305,1.219795918367347
0,977,0,9484,2020-08-03 06:38:18.824,20200803,1596407898.824,0.0
0,7220,13587,10050,2020-08-03 06:40:27.335,20200803,1596408027.335,1.351940298507463
0,389,590,7108,2020-08-03 06:40:42.894,20200803,1596408042.894,0.0830050647158131
0,8577,12959,8500,2020-08-03 06:43:06.458,20200803,1596408186.458,1.5245882352941176
0,8600,13617,10550,2020-08-03 06:45:30.808,20200803,1596408330.808,1.2907109004739337
0,255,13091,11650,2020-08-03 06:47:26.591,20200803,1596408446.591,1.1236909871244636
0,8637,12441,10734,2020-08-03 06:48:24.664,20200803,1596408504.664,1.1590273896031302
0,3770,13566,8934,2020-08-03 06:48:38.408,20200803,1596408518.408,1.5184687709872398
0,8635,857,9067,2020-08-03 06:50:49.992,20200803,1596408649.992,0.0945185838755928
0,267,622,6500,2020-08-03 06:54:55.342,20200803,1596408895.342,0.0956923076923076
0,2713,12710,11300,2020-08-03 06:55:37.844,20200803,1596408937.844,1.1247787610619469
0,4313,13698,7000,2020-08-03 06:57:04.095,20200803,1596409024.095,1.9568571428571429
0,1997,13174,11367,2020-08-03 06:59:14.66,20200803,1596409154.66,1.1589689451922232
0,2368,13669,17000,2020-08-03 06:59:28.566,20200803,1596409168.566,0.8040588235294117
0,5644,705,8824,2020-08-03 07:01:25.422,20200803,1596409285.422,0.0798957388939256
0,7422,618,11167,2020-08-03 07:09:36.217,20200803,1596409776.217,0.0553416315930867
0,3664,598,11796,2020-08-03 07:17:18.503,20200803,1596410238.503,0.0506951508986096
0,2286,13035,6955,2020-08-03 07:22:20.942,20200803,1596410540.942,1.874191229331416
0,10099,12857,10967,2020-08-03 07:25:14.951,20200803,1596410714.951,1.1723351873803227
0,1963,12893,9590,2020-08-03 07:32:42.11,20200803,1596411162.11,1.3444212721584985
0,9653,12720,10967,2020-08-03 07:34:51.767,20200803,1596411291.767,1.15984316586122
0,5834,651,6067,2020-08-03 07:36:33.703,20200803,1596411393.703,0.1073017966045821
0,8534,700,6634,2020-08-03 07:37:31.651,20200803,1596411451.651,0.1055170334639734
0,314,12885,3067,2020-08-03 07:43:46.664,20200803,1596411826.664,4.201173785458102
0,2414,12587,8500,2020-08-03 07:44:46.365,20200803,1596411886.365,1.4808235294117646
0,2314,0,8334,2020-08-03 07:45:57.023,20200803,1596411957.023,0.0
0,954,679,11834,2020-08-03 07:49:33.975,20200803,1596412173.975,0.0573770491803278
0,8592,13591,6774,2020-08-03 07:52:40.682,20200803,1596412360.682,2.0063478004133453
0,2125,663,7234,2020-08-03 07:54:22.705,20200803,1596412462.705,0.0916505391208183
0,9830,685,5334,2020-08-03 07:55:20.572,20200803,1596412520.572,0.1284214473190851
0,2629,760,5267,2020-08-03 07:59:26.003,20200803,1596412766.003,0.1442946648946269
0,610,13042,8600,2020-08-03 08:02:47.95,20200803,1596412967.95,1.5165116279069768
0,961,13749,7152,2020-08-03 08:03:01.802,20200803,1596412981.802,1.9223993288590604
0,8763,544,11471,2020-08-03 08:08:20.358,20200803,1596413300.358,0.0474239386278441
0,3696,725,11479,2020-08-03 08:08:49.866,20200803,1596413329.866,0.0631588117431832
0,593,12880,6467,2020-08-03 08:09:03.482,20200803,1596413343.482,1.9916499149528373
0,5727,13697,8638,2020-08-03 08:09:17.437,20200803,1596413357.437,1.5856679786987729
0,5721,465,6957,2020-08-03 08:09:32.828,20200803,1596413372.828,0.0668391548081069
0,6811,13084,6791,2020-08-03 08:10:44.564,20200803,1596413444.564,1.926667648358121
0,5896,653,8134,2020-08-03 08:10:59.324,20200803,1596413459.324,0.0802803048930415
0,705,797,6134,2020-08-03 08:22:04.243,20200803,1596414124.243,0.1299315291816107
0,8781,589,7850,2020-08-03 08:27:07.097,20200803,1596414427.097,0.0750318471337579
0,5657,652,6900,2020-08-03 08:51:25.929,20200803,1596415885.929,0.0944927536231884
0,7168,788,10134,2020-08-03 08:52:09.147,20200803,1596415929.147,0.0777580422340635
0,7435,13819,6634,2020-08-03 08:54:18.011,20200803,1596416058.011,2.08305697919807
0,2093,13166,8534,2020-08-03 08:55:15.946,20200803,1596416115.946,1.5427700960862432
0,6877,798,6741,2020-08-03 08:56:14.806,20200803,1596416174.806,0.1183800623052959
0,8806,13327,6534,2020-08-03 08:58:38.264,20200803,1596416318.264,2.039638812366085
0,2686,549,12200,2020-08-03 08:59:07.826,20200803,1596416347.826,0.045
0,8251,13769,7762,2020-08-03 08:59:50.115,20200803,1596416390.115,1.7738984797732542
0,2446,13029,7275,2020-08-03 09:02:29.225,20200803,1596416549.225,1.7909278350515463
0,8705,13300,10434,2020-08-03 09:04:10.418,20200803,1596416650.418,1.2746789342534024
0,8626,797,9827,2020-08-03 09:07:19.002,20200803,1596416839.002,0.0811030833418133
0,7180,745,6334,2020-08-03 09:07:33.783,20200803,1596416853.783,0.1176191979791601
0,4084,13422,7367,2020-08-03 09:10:55.188,20200803,1596417055.188,1.821908510927108
0,5623,13426,7134,2020-08-03 10:18:47.871,20200803,1596421127.871,1.88197364732268
0,7194,13397,7667,2020-08-03 10:22:10.2,20200803,1596421330.2,1.7473588104865003
0,9981,799,9685,2020-08-03 10:22:39.624,20200803,1596421359.624,0.0824987093443469
0,8643,13534,10634,2020-08-03 10:23:36.626,20200803,1596421416.626,1.272710174910664
0,2427,13829,7680,2020-08-03 10:24:48.474,20200803,1596421488.474,1.8006510416666666
0,8256,742,8117,2020-08-03 10:24:49.353,20200803,1596421489.353,0.0914130836515954
0,2705,776,16347,2020-08-03 10:27:13.775,20200803,1596421633.775,0.0474704838808344
0,9630,13380,9500,2020-08-03 10:27:27.528,20200803,1596421647.528,1.408421052631579
0,2389,13378,6867,2020-08-03 10:30:35.568,20200803,1596421835.568,1.948157856414737
0,4193,13801,17195,2020-08-03 10:31:04.178,20200803,1596421864.178,0.8026170398371619
0,2517,13751,7634,2020-08-03 10:31:47.481,20200803,1596421907.481,1.8012837306785434
0,2419,13344,9877,2020-08-03 10:32:45.341,20200803,1596421965.341,1.3510175154399109
0,9744,712,49684,2020-08-03 10:33:29.635,20200803,1596422009.635,0.0143305691973271
0,2349,14592,7267,2020-08-03 10:33:58.013,20200803,1596422038.013,2.007981285262144
0,2566,629,12600,2020-08-03 10:34:27.542,20200803,1596422067.542,0.0499206349206349
0,9958,730,7407,2020-08-03 10:35:10.723,20200803,1596422110.723,0.0985554205481301
0,778,787,14415,2020-08-03 10:37:20.524,20200803,1596422240.524,0.0545959070412764
0,9721,797,6700,2020-08-03 10:38:03.971,20200803,1596422283.971,0.118955223880597
0,5565,793,7500,2020-08-03 10:39:30.348,20200803,1596422370.348,0.1057333333333333
0,5450,13316,59334,2020-08-03 10:40:13.511,20200803,1596422413.511,0.224424444669161
0,4088,689,10234,2020-08-03 10:40:43.167,20200803,1596422443.167,0.0673246042603087
0,8419,736,10000,2020-08-03 10:41:11.53,20200803,1596422471.53,0.0736
0,4052,13141,6700,2020-08-03 10:42:08.543,20200803,1596422528.543,1.9613432835820896
0,672,720,9636,2020-08-03 10:42:24.16,20200803,1596422544.16,0.074719800747198
0,720,13227,11136,2020-08-03 10:45:02.467,20200803,1596422702.467,1.1877693965517242
0,509,753,10821,2020-08-03 10:45:31.804,20200803,1596422731.804,0.0695869143332409
0,3973,13676,9636,2020-08-03 10:46:42.771,20200803,1596422802.771,1.419261104192611
0,6986,740,8267,2020-08-03 10:46:43.658,20200803,1596422803.658,0.0895125196564654
0,5274,13339,6200,2020-08-03 10:47:12.142,20200803,1596422832.142,2.1514516129032257
0,4178,13181,8000,2020-08-03 10:51:46.39,20200803,1596423106.39,1.647625
0,9733,13321,8834,2020-08-03 10:52:59.018,20200803,1596423179.018,1.5079239302694136
0,9613,13409,8067,2020-08-03 10:54:25.466,20200803,1596423265.466,1.662204041155324
0,4285,13788,10496,2020-08-03 10:55:37.187,20200803,1596423337.187,1.313643292682927
0,528,13403,9967,2020-08-03 10:56:06.663,20200803,1596423366.663,1.3447376341928363
0,5944,13793,9000,2020-08-04 00:07:54.567,20200804,1596470874.567,1.5325555555555554
0,4219,787,8960,2020-08-04 00:09:08.102,20200804,1596470948.102,0.0878348214285714
0,8834,13784,6134,2020-08-04 00:10:33.447,20200804,1596471033.447,2.247147049233779
0,4019,13469,8400,2020-08-04 00:10:48.181,20200804,1596471048.181,1.6034523809523809
0,812,12556,14934,2020-08-04 00:12:58.55,20200804,1596471178.55,0.8407660372304808
0,5562,13652,9317,2020-08-04 00:14:10.1,20200804,1596471250.1,1.4652785231297627
0,2431,43383,56800,2020-08-04 00:18:31.332,20200804,1596471511.332,0.7637852112676057
0,2133,14622,9734,2020-08-04 00:19:13.86,20200804,1596471553.86,1.502157386480378
0,9995,679,6567,2020-08-04 00:22:07.609,20200804,1596471727.609,0.1033957667123496
0,5315,12861,10667,2020-08-04 00:22:50.742,20200804,1596471770.742,1.2056810724664857
0,8644,12724,10100,2020-08-04 00:24:31.81,20200804,1596471871.81,1.2598019801980198
0,596,788,6502,2020-08-04 00:25:59.187,20200804,1596471959.187,0.1211934789295601
0,414,744,7717,2020-08-04 00:28:37.977,20200804,1596472117.977,0.096410522223662
0,494,13611,21100,2020-08-04 00:28:51.773,20200804,1596472131.773,0.6450710900473934
0,2413,779,9467,2020-08-04 00:31:16.785,20200804,1596472276.785,0.0822858350058096
0,2739,782,10667,2020-08-04 00:35:22.055,20200804,1596472522.055,0.073310209055967
0,8598,14354,10334,2020-08-04 00:35:36.655,20200804,1596472536.655,1.3890071608283336
0,2747,761,10890,2020-08-04 00:36:34.545,20200804,1596472594.545,0.0698806244260789
0,685,13626,10867,2020-08-04 00:42:05.951,20200804,1596472925.951,1.2538879175485416
0,3699,13702,10934,2020-08-04 00:42:34.508,20200804,1596472954.508,1.2531552954088163
0,7226,26103,11512,2020-08-04 00:43:17.658,20200804,1596472997.658,2.267460041695622
0,2663,14454,10967,2020-08-04 00:44:31.116,20200804,1596473071.116,1.3179538615847544
0,9872,13756,10034,2020-08-04 00:45:13.498,20200804,1596473113.498,1.370938808052621
0,9664,14623,10900,2020-08-04 00:47:09.017,20200804,1596473229.017,1.341559633027523
0,4035,693,6534,2020-08-04 00:50:03.347,20200804,1596473403.347,0.106060606060606
0,947,768,6867,2020-08-04 00:57:02.051,20200804,1596473822.051,0.1118392311052861
0,2456,786,7784,2020-08-04 01:00:53.299,20200804,1596474053.299,0.1009763617677286
0,5678,716,6167,2020-08-04 01:01:51.034,20200804,1596474111.034,0.1161018323333873
0,983,13738,9034,2020-08-04 01:03:45.892,20200804,1596474225.892,1.5206995793668363
0,5649,814,8567,2020-08-04 01:04:15.224,20200804,1596474255.224,0.0950157581417065
0,8837,13480,10100,2020-08-04 01:04:32.955,20200804,1596474272.955,1.3346534653465347
0,8813,15443,6400,2020-08-04 01:06:10.835,20200804,1596474370.835,2.41296875
0,10105,13701,8700,2020-08-04 01:06:24.59,20200804,1596474384.59,1.5748275862068966
0,4365,13379,8000,2020-08-04 01:06:39.228,20200804,1596474399.228,1.672375
0,7221,13713,8550,2020-08-04 01:14:06.678,20200804,1596474846.678,1.603859649122807
0,9899,780,8667,2020-08-04 01:16:32.056,20200804,1596474992.056,0.0899965385946694
0,2315,13797,10821,2020-08-04 01:17:00.299,20200804,1596475020.299,1.275020792902689
0,840,737,8067,2020-08-04 01:19:10.582,20200804,1596475150.582,0.0913598611627618
